citing,cited,creation,timespan
10.1007/978-3-319-93224-8_30,10.1016/s0140-6736(97)11096-0,2018-11-29,P20Y9M
10.1007/978-3-319-93293-4_2,10.1016/s0140-6736(97)11096-0,2018,P20Y
10.1007/978-3-319-94694-8_26,10.1016/s0140-6736(97)11096-0,2018,P20Y
10.1046/j.1365-2141.2001.02543.x,10.1016/s0140-6736(97)11096-0,2001-02,P3Y0M
10.1046/j.1365-2753.2002.00312.x,10.1016/s0140-6736(97)11096-0,2002-05,P4Y3M
10.1046/j.1365-277x.2002.00372.x,10.1016/s0140-6736(97)11096-0,2002-08,P4Y6M
10.1172/jci35821,10.1016/s0140-6736(97)11096-0,2008-05-01,P10Y3M
10.1172/jci38913,10.1016/s0140-6736(97)11096-0,2009-04-01,P11Y2M
10.3109/9780203911723-10,10.1016/s0140-6736(97)11096-0,2003-05-28,P5Y3M
10.3109/9780203911723-4,10.1016/s0140-6736(97)11096-0,2003-05-28,P5Y3M
10.3109/9780203911723-7,10.1016/s0140-6736(97)11096-0,2003-05-28,P5Y3M
10.3109/9781420060744-15,10.1016/s0140-6736(97)11096-0,2009-12-09,P11Y10M
10.31338/uw.9788323522157,10.1016/s0140-6736(97)11096-0,2016,P18Y
10.1371/journal.pone.0105153,10.1016/s0140-6736(97)11096-0,2014-09-09,P16Y7M
10.1097/mop.0b013e328336eb9a,10.1016/s0140-6736(97)11096-0,2010-04,P12Y2M
10.1097/mop.0b013e32835c2b70,10.1016/s0140-6736(97)11096-0,2013-02,P15Y0M
10.1097/nmc.0000000000000337,10.1016/s0140-6736(97)11096-0,2017,P19Y
10.1097/nmd.0b013e3181636fd4,10.1016/s0140-6736(97)11096-0,2008-02,P10Y0M
10.1080/13590840020013248,10.1016/s0140-6736(97)11096-0,2000-01,P1Y11M
10.1080/13590840020013257,10.1016/s0140-6736(97)11096-0,2000-01,P1Y11M
10.1080/13590840020024994,10.1016/s0140-6736(97)11096-0,2000-01,P1Y11M
10.1007/978-981-10-5454-9_14,10.1016/s0140-6736(97)11096-0,2018-12-20,P20Y10M
10.1007/978-981-13-0890-1_19,10.1016/s0140-6736(97)11096-0,2018,P20Y
10.1287/isre.1110.0355,10.1016/s0140-6736(97)11096-0,2011-03,P13Y1M
10.1103/physreve.97.032308,10.1016/s0140-6736(97)11096-0,2018-03-19,P20Y1M
10.1007/s00194-018-0273-3,10.1016/s0140-6736(97)11096-0,2018-09-25,P20Y7M
10.3389/fimmu.2018.01215,10.1016/s0140-6736(97)11096-0,2018-06-05,P20Y4M
10.3389/fmars.2018.00106,10.1016/s0140-6736(97)11096-0,2018-03-29,P20Y1M
10.1080/21645515.2016.1178434,10.1016/s0140-6736(97)11096-0,2016-05-09,P18Y3M
10.1080/21645515.2016.1219824,10.1016/s0140-6736(97)11096-0,2016-11-23,P18Y9M
10.1080/21645515.2016.1264549,10.1016/s0140-6736(97)11096-0,2016-12-12,P18Y10M
10.1073/pnas.0608027103,10.1016/s0140-6736(97)11096-0,2006-10-30,P8Y8M
10.1111/j.1464-410x.2009.09148.x,10.1016/s0140-6736(97)11096-0,2010-04,P12Y2M
10.1007/s007870070022,10.1016/s0140-6736(97)11096-0,2000-03,P2Y1M
10.1007/s00787-011-0236-7,10.1016/s0140-6736(97)11096-0,2011-12-23,P13Y10M
10.1136/archdischild-2013-304292,10.1016/s0140-6736(97)11096-0,2013-07-29,P15Y5M
10.1136/archdischild-2014-306259,10.1016/s0140-6736(97)11096-0,2014-05-28,P16Y3M
10.1136/archdischild-2017-313855,10.1016/s0140-6736(97)11096-0,2018-03-06,P20Y1M
10.1177/2042098619854010,10.1016/s0140-6736(97)11096-0,2019-01,P20Y11M
10.3109/01460862.2010.498331,10.1016/s0140-6736(97)11096-0,2010-07-22,P12Y5M
10.3928/00485713-20190207-01,10.1016/s0140-6736(97)11096-0,2019-03-01,P21Y1M
10.3928/00904481-20090101-09,10.1016/s0140-6736(97)11096-0,2009,P11Y
10.3928/00904481-20100726-05,10.1016/s0140-6736(97)11096-0,2010-08-01,P12Y6M
10.3928/00904481-20110217-07,10.1016/s0140-6736(97)11096-0,2013-03-01,P15Y1M
10.3928/00904481-20150410-08,10.1016/s0140-6736(97)11096-0,2015-04-01,P17Y2M
10.3928/0090-4481-20010701-08,10.1016/s0140-6736(97)11096-0,2001-07-01,P3Y5M
10.3928/0090-4481-20031001-10,10.1016/s0140-6736(97)11096-0,2003-10-01,P5Y8M
10.3928/0090-4481-20031001-11,10.1016/s0140-6736(97)11096-0,2003-10-01,P5Y8M
10.3928/0090-4481-20040901-09,10.1016/s0140-6736(97)11096-0,2004-09-01,P6Y7M
10.3928/0090-4481-20070801-12,10.1016/s0140-6736(97)11096-0,2007-08-01,P9Y6M
10.3928/01477447-20180123-06,10.1016/s0140-6736(97)11096-0,2018-01-29,P19Y11M
10.3928/02793695-20100506-02,10.1016/s0140-6736(97)11096-0,2010-06-01,P12Y4M
10.3928/02793695-20150309-01,10.1016/s0140-6736(97)11096-0,2015-04-01,P17Y2M
10.3928/19382359-20190612-02,10.1016/s0140-6736(97)11096-0,2019-07-01,P21Y5M
10.4137/cpath.s1143,10.1016/s0140-6736(97)11096-0,2008-01,P9Y11M
10.4137/iii.s3662,10.1016/s0140-6736(97)11096-0,2010-01,P11Y11M
10.4137/jcnsd.s9058,10.1016/s0140-6736(97)11096-0,2012-01,P13Y11M
10.1161/circulationaha.115.019564,10.1016/s0140-6736(97)11096-0,2015-11-24,P17Y9M
10.1201/9780203026229.ch3,10.1016/s0140-6736(97)11096-0,2004-03-19,P6Y1M
10.1057/9781137023001_3,10.1016/s0140-6736(97)11096-0,2012,P14Y
10.1057/biosoc.2012.23,10.1016/s0140-6736(97)11096-0,2012-10-29,P14Y8M
10.1057/biosoc.2015.30,10.1016/s0140-6736(97)11096-0,2015-08-17,P17Y6M
10.1057/s41287-019-00198-3,10.1016/s0140-6736(97)11096-0,2019-03-25,P21Y1M
10.1080/14760584.2018.1549994,10.1016/s0140-6736(97)11096-0,2018-11-30,P20Y9M
10.1186/2047-2382-1-15,10.1016/s0140-6736(97)11096-0,2012,P14Y
10.1111/j.1354-4187.2005.00304.x,10.1016/s0140-6736(97)11096-0,2005-12,P7Y10M
10.1111/j.1365-2044.2005.04151.x,10.1016/s0140-6736(97)11096-0,2005-04,P7Y2M
10.1080/19460171003714989,10.1016/s0140-6736(97)11096-0,2010-04-28,P12Y2M
10.1080/20477724.2017.1322261,10.1016/s0140-6736(97)11096-0,2017-05-09,P19Y3M
10.1007/978-3-319-55530-0_47,10.1016/s0140-6736(97)11096-0,2019,P21Y
10.1080/10807039.2012.716679,10.1016/s0140-6736(97)11096-0,2013-10-11,P15Y8M
10.1080/10810730490474327,10.1016/s0140-6736(97)11096-0,2004-07,P6Y5M
10.1080/10810730490503487,10.1016/s0140-6736(97)11096-0,2004-09,P6Y7M
10.1080/10810730701672363,10.1016/s0140-6736(97)11096-0,2007-11-13,P9Y9M
10.1080/10810730.2011.585693,10.1016/s0140-6736(97)11096-0,2012-01,P13Y11M
10.1080/10810730.2015.1018605,10.1016/s0140-6736(97)11096-0,2015-06-11,P17Y4M
10.1080/10810731003780714,10.1016/s0140-6736(97)11096-0,2010-04-30,P12Y2M
10.1186/s12967-016-0773-4,10.1016/s0140-6736(97)11096-0,2016-01-15,P17Y11M
10.3233/isu-180037,10.1016/s0140-6736(97)11096-0,2019-09-18,P21Y7M
10.1007/s11151-017-9579-7,10.1016/s0140-6736(97)11096-0,2017-06-14,P19Y4M
10.1007/s11192-016-2227-4,10.1016/s0140-6736(97)11096-0,2017-01-03,P18Y11M
10.3934/publichealth.2017.2.127,10.1016/s0140-6736(97)11096-0,2017,P19Y
10.1002/9780470015902.a0023271,10.1016/s0140-6736(97)11096-0,2011-05-16,P13Y3M
10.1016/s0033-3549(04)50270-4,10.1016/s0140-6736(97)11096-0,2003-09,P5Y7M
10.1007/978-1-4419-1364-7_10,10.1016/s0140-6736(97)11096-0,2010,P12Y
10.3821/1913-701x-140-sp2.s9,10.1016/s0140-6736(97)11096-0,2007-05,P9Y3M
10.2471/blt.10.077446,10.1016/s0140-6736(97)11096-0,2010-04-01,P12Y2M
10.1002/9781118543504.ch15,10.1016/s0140-6736(97)11096-0,2013-03-12,P15Y1M
10.1007/978-1-4614-6435-8_1285-3,10.1016/s0140-6736(97)11096-0,2016,P18Y
10.1007/978-1-4614-6435-8_1287-3,10.1016/s0140-6736(97)11096-0,2017,P19Y
10.1007/978-1-4614-6616-1_200061-1,10.1016/s0140-6736(97)11096-0,2018,P20Y
10.1177/0038038505050536,10.1016/s0140-6736(97)11096-0,2005-04,P7Y2M
10.1177/0038038518793371,10.1016/s0140-6736(97)11096-0,2018-09-10,P20Y7M
10.1007/978-1-4614-7438-8_10,10.1016/s0140-6736(97)11096-0,2013,P15Y
10.1007/978-1-4614-7438-8_11,10.1016/s0140-6736(97)11096-0,2013,P15Y
10.1007/978-1-4614-7438-8_12,10.1016/s0140-6736(97)11096-0,2013,P15Y
10.1007/978-1-4614-7438-8_18,10.1016/s0140-6736(97)11096-0,2013,P15Y
10.1007/978-1-4614-7438-8_21,10.1016/s0140-6736(97)11096-0,2013,P15Y
10.1007/978-1-4614-7438-8_5,10.1016/s0140-6736(97)11096-0,2013,P15Y
10.1007/978-1-4614-7438-8_8,10.1016/s0140-6736(97)11096-0,2013,P15Y
10.1177/0047281615600638,10.1016/s0140-6736(97)11096-0,2015-08-25,P17Y6M
10.1177/0049124113515188,10.1016/s0140-6736(97)11096-0,2013-12-23,P15Y10M
10.2217/17455111.2.6.667,10.1016/s0140-6736(97)11096-0,2008-12,P10Y10M
10.2217/cer-2016-0035,10.1016/s0140-6736(97)11096-0,2017-01,P18Y11M
10.1097/gim.0b013e3181ff67ba,10.1016/s0140-6736(97)11096-0,2011-04,P13Y2M
10.1097/hcm.0000000000000159,10.1016/s0140-6736(97)11096-0,2017,P19Y
10.3748/wjg.14.165,10.1016/s0140-6736(97)11096-0,2008,P10Y
10.3748/wjg.v22.i46.10198,10.1016/s0140-6736(97)11096-0,2016,P18Y
10.1186/s12998-017-0157-8,10.1016/s0140-6736(97)11096-0,2017-09-20,P19Y7M
10.1093/pubmed/fdl036,10.1016/s0140-6736(97)11096-0,2006-07-26,P8Y5M
10.1093/pubmed/fdn036,10.1016/s0140-6736(97)11096-0,2008-07-11,P10Y5M
10.1093/qjmed/hcp055,10.1016/s0140-6736(97)11096-0,2009-05-21,P11Y3M
10.1093/qjmed/hcu113,10.1016/s0140-6736(97)11096-0,2014-05-26,P16Y3M
10.1111/ecin.12066,10.1016/s0140-6736(97)11096-0,2014-03-05,P16Y1M
10.1186/1472-6955-12-17,10.1016/s0140-6736(97)11096-0,2013-07-09,P15Y5M
10.1186/1472-6955-8-4,10.1016/s0140-6736(97)11096-0,2009-04-20,P11Y2M
10.1186/1472-6963-11-60,10.1016/s0140-6736(97)11096-0,2011-03-22,P13Y1M
10.1186/1743-8462-4-25,10.1016/s0140-6736(97)11096-0,2007-12,P9Y10M
10.3390/vaccines1030204,10.1016/s0140-6736(97)11096-0,2013-06-24,P15Y4M
10.3390/vaccines1030293,10.1016/s0140-6736(97)11096-0,2013-07-18,P15Y5M
10.1146/annurev-virology-092818-015515,10.1016/s0140-6736(97)11096-0,2019-09-29,P21Y7M
10.1146/annurev.clinpsy.2.022305.095210,10.1016/s0140-6736(97)11096-0,2006-04,P8Y2M
10.1002/ddr.21369,10.1016/s0140-6736(97)11096-0,2016-10-21,P18Y8M
10.1002/dev.21803,10.1016/s0140-6736(97)11096-0,2018-12-06,P20Y10M
10.1002/ebch.1948,10.1016/s0140-6736(97)11096-0,2013-11,P15Y9M
10.1164/rccm.2501005,10.1016/s0140-6736(97)11096-0,2005-05,P7Y3M
10.1007/978-90-481-9855-9_15,10.1016/s0140-6736(97)11096-0,2010-12-17,P12Y10M
10.7774/cevr.2013.2.1.4,10.1016/s0140-6736(97)11096-0,2013,P15Y
10.3889/mmej.2015.50002,10.1016/s0140-6736(97)11096-0,2015,P17Y
10.3892/etm.2015.2890,10.1016/s0140-6736(97)11096-0,2015-11-24,P17Y9M
10.1002/pst.2,10.1016/s0140-6736(97)11096-0,2002,P4Y
10.1101/306845,10.1016/s0140-6736(97)11096-0,2018-04-25,P20Y2M
10.1201/b13908-19,10.1016/s0140-6736(97)11096-0,2013-02-20,P15Y0M
10.1201/b14018-28,10.1016/s0140-6736(97)11096-0,2001-10-26,P3Y8M
10.5694/j.1326-5377.2001.tb143058.x,10.1016/s0140-6736(97)11096-0,2001-08,P3Y6M
10.5694/j.1326-5377.2004.tb06147.x,10.1016/s0140-6736(97)11096-0,2004-07,P6Y5M
10.5694/j.1326-5377.2006.tb00178.x,10.1016/s0140-6736(97)11096-0,2006-02,P8Y0M
10.5694/j.1326-5377.2011.tb03142.x,10.1016/s0140-6736(97)11096-0,2011-06,P13Y4M
10.5694/j.1326-5377.2010.tb03730.x,10.1016/s0140-6736(97)11096-0,2010-07,P12Y5M
10.5765/jkacap.2011.22.3.141,10.1016/s0140-6736(97)11096-0,2011-09-30,P13Y7M
10.1177/030857590202600408,10.1016/s0140-6736(97)11096-0,2002-12,P4Y10M
10.1177/0379572119863534,10.1016/s0140-6736(97)11096-0,2019-08-08,P21Y6M
10.1177/039463200301600302,10.1016/s0140-6736(97)11096-0,2003-09,P5Y7M
10.1177/039463201302600201,10.1016/s0140-6736(97)11096-0,2013-04,P15Y2M
10.1177/070674370304800803,10.1016/s0140-6736(97)11096-0,2003-09,P5Y7M
10.7326/m18-2101,10.1016/s0140-6736(97)11096-0,2019-03-05,P21Y1M
10.7453/gahmj.2012.1.4.010,10.1016/s0140-6736(97)11096-0,2012-09,P14Y7M
10.7554/elife.02956,10.1016/s0140-6736(97)11096-0,2014-08-14,P16Y6M
10.12968/bjcn.2001.6.4.7093,10.1016/s0140-6736(97)11096-0,2001-04,P3Y2M
10.12968/bjom.2002.10.3.10198,10.1016/s0140-6736(97)11096-0,2002-03,P4Y1M
10.12968/bjom.2006.14.10.21928,10.1016/s0140-6736(97)11096-0,2006-10,P8Y8M
10.12968/bjom.2013.21.1.16,10.1016/s0140-6736(97)11096-0,2013-01,P14Y11M
10.12968/bjom.2013.21.5.378,10.1016/s0140-6736(97)11096-0,2013-05,P15Y3M
10.12968/bjom.2015.23.11.808,10.1016/s0140-6736(97)11096-0,2015-11-02,P17Y9M
10.12968/bjom.2015.23.10.692,10.1016/s0140-6736(97)11096-0,2015-10-02,P17Y8M
10.12968/bjon.2002.11.12.10298,10.1016/s0140-6736(97)11096-0,2002-06-27,P4Y4M
10.12968/bjon.2002.11.13.10443,10.1016/s0140-6736(97)11096-0,2002-07-10,P4Y5M
10.12968/bjon.2002.11.9.10175,10.1016/s0140-6736(97)11096-0,2002-05-09,P4Y3M
10.12968/bjon.2004.13.14.14309,10.1016/s0140-6736(97)11096-0,2004-07,P6Y5M
10.12968/bjon.2013.22.15.893,10.1016/s0140-6736(97)11096-0,2013-08,P15Y6M
10.12968/bjon.2014.23.6.336,10.1016/s0140-6736(97)11096-0,2014-04-09,P16Y2M
10.12968/bjsn.2009.4.6.43228,10.1016/s0140-6736(97)11096-0,2009-07,P11Y5M
10.1007/978-3-030-03213-5_6,10.1016/s0140-6736(97)11096-0,2018,P20Y
10.1007/978-3-030-03633-1_12,10.1016/s0140-6736(97)11096-0,2019,P21Y
10.12968/johv.2013.1.1.8,10.1016/s0140-6736(97)11096-0,2013-01,P14Y11M
10.12968/johv.2015.3.6.305,10.1016/s0140-6736(97)11096-0,2015-06-02,P17Y4M
10.12968/jpar.2008.1.1.42028,10.1016/s0140-6736(97)11096-0,2008-10,P10Y8M
10.12968/jpar.2014.6.3.cpd1,10.1016/s0140-6736(97)11096-0,2014-03,P16Y1M
10.12968/jpar.2010.2.3.cpd1,10.1016/s0140-6736(97)11096-0,2010-03-26,P12Y1M
10.12968/npre.2018.16.2.78,10.1016/s0140-6736(97)11096-0,2018-02-02,P20Y0M
10.12968/pnur.1998.9.11.12,10.1016/s0140-6736(97)11096-0,1998-06-16,P0Y4M
10.12968/pnur.2001.12.2.4447,10.1016/s0140-6736(97)11096-0,2001-02,P3Y0M
10.12968/pnur.2001.12.8.4390,10.1016/s0140-6736(97)11096-0,2001-08,P3Y6M
10.12968/pnur.2002.13.2.10100,10.1016/s0140-6736(97)11096-0,2002-02,P4Y0M
10.12968/pnur.2002.13.6.10509,10.1016/s0140-6736(97)11096-0,2002-06,P4Y4M
10.12968/pnur.2008.19.4.29079,10.1016/s0140-6736(97)11096-0,2008-04,P10Y2M
10.12968/pnur.2011.22.2.78,10.1016/s0140-6736(97)11096-0,2011-02,P13Y0M
10.12968/pnur.2011.22.7.358,10.1016/s0140-6736(97)11096-0,2011-07,P13Y5M
10.12968/pnur.2018.29.8.400,10.1016/s0140-6736(97)11096-0,2018-08-02,P20Y6M
10.1111/psj.12076,10.1016/s0140-6736(97)11096-0,2014-11,P16Y9M
10.1111/psj.12160,10.1016/s0140-6736(97)11096-0,2016-04-26,P18Y2M
10.1111/risa.13232,10.1016/s0140-6736(97)11096-0,2018-11-12,P20Y9M
10.1002/mrdd.10029,10.1016/s0140-6736(97)11096-0,2002,P4Y
10.1002/mrdd.20062,10.1016/s0140-6736(97)11096-0,2005,P7Y
10.1093/asj/sjz059,10.1016/s0140-6736(97)11096-0,2019-03-19,P21Y1M
10.1007/978-981-13-3359-0_3,10.1016/s0140-6736(97)11096-0,2018,P20Y
10.1007/978-981-13-3359-0_7,10.1016/s0140-6736(97)11096-0,2018,P20Y
10.1097/qco.0b013e32811ebfb0,10.1016/s0140-6736(97)11096-0,2007-06,P9Y4M
10.1002/ajmg.10615,10.1016/s0140-6736(97)11096-0,2002-11-18,P4Y9M
10.1002/ajmg.10935,10.1016/s0140-6736(97)11096-0,2002-11-18,P4Y9M
10.1002/ajmg.a.31846,10.1016/s0140-6736(97)11096-0,2007,P9Y
10.1080/08035250410023124,10.1016/s0140-6736(97)11096-0,2005,P7Y
10.1080/08109028.2014.969022,10.1016/s0140-6736(97)11096-0,2014-04-03,P16Y2M
10.1080/08870446.2014.892940,10.1016/s0140-6736(97)11096-0,2014-03-07,P16Y1M
10.1177/0162243908329382,10.1016/s0140-6736(97)11096-0,2009-02-18,P11Y0M
10.1177/0192623315595884,10.1016/s0140-6736(97)11096-0,2015-08-12,P17Y6M
10.1586/egh.11.46,10.1016/s0140-6736(97)11096-0,2011-07,P13Y5M
10.1586/erv.09.40,10.1016/s0140-6736(97)11096-0,2009-06,P11Y4M
10.1586/erv.11.187,10.1016/s0140-6736(97)11096-0,2012-02,P14Y0M
10.1586/erv.10.20,10.1016/s0140-6736(97)11096-0,2010-04,P12Y2M
10.1017/9781108551663.002,10.1016/s0140-6736(97)11096-0,2019-09-30,P21Y7M
10.1017/9781108551663.003,10.1016/s0140-6736(97)11096-0,2019-09-30,P21Y7M
10.1017/9781108551663.004,10.1016/s0140-6736(97)11096-0,2019-09-30,P21Y7M
10.1017/9781108551663.005,10.1016/s0140-6736(97)11096-0,2019-09-30,P21Y7M
10.1017/9781108551663.006,10.1016/s0140-6736(97)11096-0,2019-09-30,P21Y7M
10.1017/9781108551663.007,10.1016/s0140-6736(97)11096-0,2019-09-30,P21Y7M
10.1017/9781108551663.008,10.1016/s0140-6736(97)11096-0,2019-09-30,P21Y7M
10.1017/9781108551663.009,10.1016/s0140-6736(97)11096-0,2019-09-30,P21Y7M
10.1017/9781108551663.010,10.1016/s0140-6736(97)11096-0,2019-09-30,P21Y7M
10.1017/9781108551663.011,10.1016/s0140-6736(97)11096-0,2019-09-30,P21Y7M
10.1017/9781108551663.012,10.1016/s0140-6736(97)11096-0,2019-09-30,P21Y7M
10.1017/9781108551663.013,10.1016/s0140-6736(97)11096-0,2019-09-30,P21Y7M
10.1017/9781108569149.009,10.1016/s0140-6736(97)11096-0,2019-07-18,P21Y5M
10.1080/23312521.2017.1373613,10.1016/s0140-6736(97)11096-0,2017-10-11,P19Y8M
10.1002/9781118753378.ch44,10.1016/s0140-6736(97)11096-0,2015-02-20,P17Y0M
10.1007/s00256-011-1224-1,10.1016/s0140-6736(97)11096-0,2011-08-17,P13Y6M
10.1007/s10875-004-6241-6,10.1016/s0140-6736(97)11096-0,2004-11,P6Y9M
10.1007/s10882-018-9604-2,10.1016/s0140-6736(97)11096-0,2018-05-28,P20Y3M
10.1080/15205436.2016.1148172,10.1016/s0140-6736(97)11096-0,2016-02-06,P18Y0M
10.1080/15228932.2011.588526,10.1016/s0140-6736(97)11096-0,2012-01,P13Y11M
10.1080/15265161.2014.889240,10.1016/s0140-6736(97)11096-0,2014-04-03,P16Y2M
10.1080/15294145.2001.10773353,10.1016/s0140-6736(97)11096-0,2001-01,P2Y11M
10.1111/jnc.12644,10.1016/s0140-6736(97)11096-0,2014-01-10,P15Y11M
10.1111/jar.12021,10.1016/s0140-6736(97)11096-0,2013-02-12,P15Y0M
10.1111/jcpp.12501,10.1016/s0140-6736(97)11096-0,2016-01-19,P17Y11M
10.1111/j.1753-6405.2008.00220.x,10.1016/s0140-6736(97)11096-0,2008-06,P10Y4M
10.1111/j.1753-6405.2008.00268.x,10.1016/s0140-6736(97)11096-0,2008-10,P10Y8M
10.1111/j.1754-4505.2011.00197.x,10.1016/s0140-6736(97)11096-0,2011-07,P13Y5M
10.5992/ajcs-d-14-00039.1,10.1016/s0140-6736(97)11096-0,2014-12,P16Y10M
10.1007/978-3-319-41899-5_8,10.1016/s0140-6736(97)11096-0,2016-11-04,P18Y9M
10.1007/978-3-319-43268-7_26,10.1016/s0140-6736(97)11096-0,2016-11-27,P18Y9M
10.1007/978-3-662-47028-2_3,10.1016/s0140-6736(97)11096-0,2016,P18Y
10.1089/vim.2005.18.307,10.1016/s0140-6736(97)11096-0,2005-06,P7Y4M
10.1068/a3779,10.1016/s0140-6736(97)11096-0,2005-05,P7Y3M
10.1007/s11427-014-4623-4,10.1016/s0140-6736(97)11096-0,2014-02-13,P16Y0M
10.1111/j.1477-9730.2004.00037.x,10.1016/s0140-6736(97)11096-0,2004-06,P6Y4M
10.3389/fpsyt.2019.00605,10.1016/s0140-6736(97)11096-0,2019-09-04,P21Y7M
10.3389/fpubh.2018.00381,10.1016/s0140-6736(97)11096-0,2019-01-14,P20Y11M
10.1517/14728222.6.2.175,10.1016/s0140-6736(97)11096-0,2002-04,P4Y2M
10.1517/14740330802489748,10.1016/s0140-6736(97)11096-0,2008-12-11,P10Y10M
10.1517/14740338.1.2.115,10.1016/s0140-6736(97)11096-0,2002-07,P4Y5M
10.1517/14740338.2016.1167869,10.1016/s0140-6736(97)11096-0,2016-04,P18Y2M
10.1517/17460441.2014.867324,10.1016/s0140-6736(97)11096-0,2013-12-05,P15Y10M
10.1007/s10897-005-9002-7,10.1016/s0140-6736(97)11096-0,2006-02,P8Y0M
10.1002/9781119164746.biblio,10.1016/s0140-6736(97)11096-0,2017-03-17,P19Y1M
10.1002/9781119164746.ch7,10.1016/s0140-6736(97)11096-0,2017-03-17,P19Y1M
10.1080/00028533.2012.11821775,10.1016/s0140-6736(97)11096-0,2012-03,P14Y1M
10.1002/9781118404898.ch16,10.1016/s0140-6736(97)11096-0,2012-04-08,P14Y2M
10.1093/eurheartj/ehr506,10.1016/s0140-6736(97)11096-0,2012-03-01,P14Y1M
10.1093/eurpub/cki058,10.1016/s0140-6736(97)11096-0,2006-02-01,P8Y0M
10.1093/eurpub/cki194,10.1016/s0140-6736(97)11096-0,2005-10-05,P7Y8M
10.1093/eurpub/ckn139,10.1016/s0140-6736(97)11096-0,2008-10-16,P10Y8M
10.1093/fampra/cmi066,10.1016/s0140-6736(97)11096-0,2005-07-15,P7Y5M
10.1108/09513570610670334,10.1016/s0140-6736(97)11096-0,2006-05,P8Y3M
10.1017/jli.2018.26,10.1016/s0140-6736(97)11096-0,2018-07,P20Y5M
10.1007/978-1-4899-7448-8_1,10.1016/s0140-6736(97)11096-0,2014,P16Y
10.1007/978-1-4899-7497-6_18,10.1016/s0140-6736(97)11096-0,2014-09-15,P16Y7M
10.1177/0907568210394879,10.1016/s0140-6736(97)11096-0,2011-04-11,P13Y2M
10.1177/0952076707081588,10.1016/s0140-6736(97)11096-0,2007-10,P9Y8M
10.1111/cobi.12676,10.1016/s0140-6736(97)11096-0,2016-04-07,P18Y2M
10.1111/cxo.12900,10.1016/s0140-6736(97)11096-0,2019-08-26,P21Y6M
10.3109/1547691x.2011.580794,10.1016/s0140-6736(97)11096-0,2011-05-31,P13Y3M
10.3109/1547691x.2010.538749,10.1016/s0140-6736(97)11096-0,2011-02-07,P13Y0M
10.3109/17549507.2011.528801,10.1016/s0140-6736(97)11096-0,2010-11-08,P12Y9M
10.3109/9780203007648-20,10.1016/s0140-6736(97)11096-0,2005-03-10,P7Y1M
10.3109/9780203007648-21,10.1016/s0140-6736(97)11096-0,2005-03-10,P7Y1M
10.3109/9780203007648-22,10.1016/s0140-6736(97)11096-0,2005-03-10,P7Y1M
10.1007/978-3-319-58027-2_7,10.1016/s0140-6736(97)11096-0,2018,P20Y
10.1007/978-3-319-59952-6_9,10.1016/s0140-6736(97)11096-0,2017,P19Y
10.1038/sj.clpt.6100407,10.1016/s0140-6736(97)11096-0,2007-10-10,P9Y8M
10.1038/sj.embor.7400544,10.1016/s0140-6736(97)11096-0,2005-10,P7Y8M
10.1038/sj.embor.7400862,10.1016/s0140-6736(97)11096-0,2006-12,P8Y10M
10.1038/sj.mp.4001077,10.1016/s0140-6736(97)11096-0,2002-04,P4Y2M
10.1038/sj.mp.4001757,10.1016/s0140-6736(97)11096-0,2005-10-04,P7Y8M
10.1038/sj.mp.4001896,10.1016/s0140-6736(97)11096-0,2006-10-10,P8Y8M
10.1007/s13181-017-0635-3,10.1016/s0140-6736(97)11096-0,2017-11-06,P19Y9M
10.1038/modpathol.3800704,10.1016/s0140-6736(97)11096-0,2006-09-29,P8Y7M
10.1038/nature.2012.11444,10.1016/s0140-6736(97)11096-0,2012-09-18,P14Y7M
10.1111/meta.12256,10.1016/s0140-6736(97)11096-0,2017-07,P19Y5M
10.1111/nph.12361,10.1016/s0140-6736(97)11096-0,2013-06-03,P15Y4M
10.1111/nup.12187,10.1016/s0140-6736(97)11096-0,2017-12-22,P19Y10M
10.2217/ijr.15.18,10.1016/s0140-6736(97)11096-0,2015-06,P17Y4M
10.2217/imt-2018-0062,10.1016/s0140-6736(97)11096-0,2019-01,P20Y11M
10.1525/abt.2011.73.9.3,10.1016/s0140-6736(97)11096-0,2011-11,P13Y9M
10.15252/emmm.201809176,10.1016/s0140-6736(97)11096-0,2018-04-23,P20Y2M
10.1007/s11481-010-9200-4,10.1016/s0140-6736(97)11096-0,2010-04-24,P12Y2M
10.1007/978-3-319-20264-8_7,10.1016/s0140-6736(97)11096-0,2015,P17Y
10.1007/978-3-319-21103-9_17,10.1016/s0140-6736(97)11096-0,2015,P17Y
10.3389/fenvs.2015.00036,10.1016/s0140-6736(97)11096-0,2015-05-06,P17Y3M
10.1007/978-3-540-70617-5_9,10.1016/s0140-6736(97)11096-0,2009,P11Y
10.1111/j.1548-1352.2009.01079.x,10.1016/s0140-6736(97)11096-0,2010-03,P12Y1M
10.1007/978-1-59745-327-1_13,10.1016/s0140-6736(97)11096-0,2009,P11Y
10.1177/0022034510384627,10.1016/s0140-6736(97)11096-0,2010-10-12,P12Y8M
10.1177/0025802418778168,10.1016/s0140-6736(97)11096-0,2018-05-21,P20Y3M
10.1177/003335490712200215,10.1016/s0140-6736(97)11096-0,2007-03,P9Y1M
10.1177/0033354919826558,10.1016/s0140-6736(97)11096-0,2019-02-14,P21Y0M
10.1186/bcr2742,10.1016/s0140-6736(97)11096-0,2010-12,P12Y10M
10.1002/9781118445112.stat03992,10.1016/s0140-6736(97)11096-0,2014-09-29,P16Y7M
10.1016/j.riem.2017.02.001,10.1016/s0140-6736(97)11096-0,2017-04,P19Y2M
10.1186/s41073-016-0008-5,10.1016/s0140-6736(97)11096-0,2016-05-03,P18Y3M
10.1586/erv.10.36,10.1016/s0140-6736(97)11096-0,2010-05,P12Y3M
10.1590/0001-3765201520140663,10.1016/s0140-6736(97)11096-0,2015-08-25,P17Y6M
10.12688/f1000research.6809.1,10.1016/s0140-6736(97)11096-0,2015-07-29,P17Y5M
10.12688/f1000research.6809.2,10.1016/s0140-6736(97)11096-0,2016-03-24,P18Y1M
10.1007/978-3-662-58254-1_6,10.1016/s0140-6736(97)11096-0,2019,P21Y
10.1007/s10603-018-9398-8,10.1016/s0140-6736(97)11096-0,2018-11-29,P20Y9M
10.7599/hmr.2016.36.1.27,10.1016/s0140-6736(97)11096-0,2016,P18Y
10.1007/978-3-319-30925-5_9,10.1016/s0140-6736(97)11096-0,2016,P18Y
10.1007/978-3-319-31143-2_47-1,10.1016/s0140-6736(97)11096-0,2017,P19Y
10.1002/9781444355666.ch20,10.1016/s0140-6736(97)11096-0,2012-02-27,P14Y0M
10.1089/acm.1999.5.575,10.1016/s0140-6736(97)11096-0,1999-12,P1Y10M
10.1089/acm.2004.10.1033,10.1016/s0140-6736(97)11096-0,2004-12,P6Y10M
10.1089/act.2006.12.233,10.1016/s0140-6736(97)11096-0,2006-10,P8Y8M
10.2105/ajph.2007.113159,10.1016/s0140-6736(97)11096-0,2008-02,P10Y0M
10.2105/ajph.2008.140376,10.1016/s0140-6736(97)11096-0,2008-08,P10Y6M
10.2105/ajph.2011.300181,10.1016/s0140-6736(97)11096-0,2011-11,P13Y9M
10.2105/ajph.2011.300198,10.1016/s0140-6736(97)11096-0,2011-11,P13Y9M
10.2105/ajph.2014.302241,10.1016/s0140-6736(97)11096-0,2015-02,P17Y0M
10.2105/ajph.94.6.990,10.1016/s0140-6736(97)11096-0,2004-06,P6Y4M
10.3389/fphar.2018.01003,10.1016/s0140-6736(97)11096-0,2018-09-04,P20Y7M
10.1097/00006454-200012000-00002,10.1016/s0140-6736(97)11096-0,2000-12,P2Y10M
10.1097/00006454-200109000-00013,10.1016/s0140-6736(97)11096-0,2001-09,P3Y7M
10.1097/00006454-200111001-00007,10.1016/s0140-6736(97)11096-0,2001-11,P3Y9M
10.1097/00008480-200108000-00016,10.1016/s0140-6736(97)11096-0,2001-08,P3Y6M
10.1097/00008480-200112000-00020,10.1016/s0140-6736(97)11096-0,2001-12,P3Y10M
10.1097/00008480-200208000-00024,10.1016/s0140-6736(97)11096-0,2002-08,P4Y6M
10.1097/00008480-200210000-00004,10.1016/s0140-6736(97)11096-0,2002-10,P4Y8M
10.1097/00008480-200306000-00020,10.1016/s0140-6736(97)11096-0,2003-06,P5Y4M
10.1097/00008480-200308000-00012,10.1016/s0140-6736(97)11096-0,2003-08,P5Y6M
10.1097/00008486-200607000-00008,10.1016/s0140-6736(97)11096-0,2006-07,P8Y5M
10.1007/s10389-008-0206-9,10.1016/s0140-6736(97)11096-0,2008-06-10,P10Y4M
10.1038/nri1228,10.1016/s0140-6736(97)11096-0,2003-11,P5Y9M
10.1038/nri780,10.1016/s0140-6736(97)11096-0,2002-04,P4Y2M
10.1038/nrmicro1550,10.1016/s0140-6736(97)11096-0,2006-11-06,P8Y9M
10.1038/nrmicro2631,10.1016/s0140-6736(97)11096-0,2011-08,P13Y6M
10.1038/nrn2073,10.1016/s0140-6736(97)11096-0,2007-02,P9Y0M
10.1007/s10803-004-5294-y,10.1016/s0140-6736(97)11096-0,2004-12,P6Y10M
10.1007/s10803-005-0019-4,10.1016/s0140-6736(97)11096-0,2005-11-03,P7Y9M
10.1007/s10803-005-0070-1,10.1016/s0140-6736(97)11096-0,2006-04,P8Y2M
10.1007/s10803-006-0157-3,10.1016/s0140-6736(97)11096-0,2006-07-25,P8Y5M
10.1007/s10803-007-0482-1,10.1016/s0140-6736(97)11096-0,2008-02-29,P10Y0M
10.1007/s10803-009-0779-3,10.1016/s0140-6736(97)11096-0,2009-06-16,P11Y4M
10.1007/s10803-011-1245-6,10.1016/s0140-6736(97)11096-0,2011-04-19,P13Y2M
10.1007/s10803-012-1621-x,10.1016/s0140-6736(97)11096-0,2012-08-02,P14Y6M
10.1007/s10803-013-1768-0,10.1016/s0140-6736(97)11096-0,2013-02-01,P15Y0M
10.1007/s10805-008-9068-6,10.1016/s0140-6736(97)11096-0,2008-09,P10Y7M
10.1177/0198742917709473,10.1016/s0140-6736(97)11096-0,2017-05-31,P19Y3M
10.1177/2054270414523408,10.1016/s0140-6736(97)11096-0,2014-03-12,P16Y1M
10.1177/2054270415577762,10.1016/s0140-6736(97)11096-0,2015-04,P17Y2M
10.1177/2056305119865465,10.1016/s0140-6736(97)11096-0,2019-07,P21Y5M
10.1177/2158244015602752,10.1016/s0140-6736(97)11096-0,2015-07-10,P17Y5M
10.1177/2158244017709324,10.1016/s0140-6736(97)11096-0,2017-04,P19Y2M
10.1002/9781119943280.ch18,10.1016/s0140-6736(97)11096-0,2013-10-18,P15Y8M
10.1002/9781119959946.ch26,10.1016/s0140-6736(97)11096-0,2012-01-03,P13Y11M
10.1007/s12098-017-2532-9,10.1016/s0140-6736(97)11096-0,2017-11-23,P19Y9M
10.1007/s12124-011-9157-8,10.1016/s0140-6736(97)11096-0,2011-03-04,P13Y1M
10.1007/s12124-011-9160-0,10.1016/s0140-6736(97)11096-0,2011-04-02,P13Y2M
10.1002/tea.21468,10.1016/s0140-6736(97)11096-0,2018-08-29,P20Y6M
10.1001/jamacardio.2019.1972,10.1016/s0140-6736(97)11096-0,2019-08-01,P21Y6M
10.1515/reveh.2007.22.2.139,10.1016/s0140-6736(97)11096-0,2007-01,P8Y11M
10.1177/0300060517693423,10.1016/s0140-6736(97)11096-0,2017-03-16,P19Y1M
10.1177/0306312711435832,10.1016/s0140-6736(97)11096-0,2012-03-13,P14Y1M
10.1177/0306312715600278,10.1016/s0140-6736(97)11096-0,2015-08,P17Y6M
10.1201/b17276-9,10.1016/s0140-6736(97)11096-0,2014-07-23,P16Y5M
10.1093/bmb/ldy026,10.1016/s0140-6736(97)11096-0,2018-08-14,P20Y6M
10.1002/14651858.cd004407.pub2,10.1016/s0140-6736(97)11096-0,2005-10-19,P7Y8M
10.1002/14651858.cd004407.pub3,10.1016/s0140-6736(97)11096-0,2012-02-15,P14Y0M
10.1007/978-3-662-49504-9_23,10.1016/s0140-6736(97)11096-0,2016,P18Y
10.1002/hec.3153,10.1016/s0140-6736(97)11096-0,2015-03-16,P17Y1M
10.1002/hec.3645,10.1016/s0140-6736(97)11096-0,2018-05-02,P20Y3M
10.1046/j.1365-2036.2002.01206.x,10.1016/s0140-6736(97)11096-0,2002-04,P4Y2M
10.1146/annurev.micro.57.030502.090843,10.1016/s0140-6736(97)11096-0,2003-10,P5Y8M
10.1148/radiol.10102518,10.1016/s0140-6736(97)11096-0,2010-07,P12Y5M
10.1007/s11948-014-9530-3,10.1016/s0140-6736(97)11096-0,2014-03-23,P16Y1M
10.1007/s11948-015-9625-5,10.1016/s0140-6736(97)11096-0,2015-01-30,P16Y11M
10.1093/scipol/scu057,10.1016/s0140-6736(97)11096-0,2014-09-29,P16Y7M
10.1080/13548500701235732,10.1016/s0140-6736(97)11096-0,2008-01,P9Y11M
10.1080/13550280590900553,10.1016/s0140-6736(97)11096-0,2005-02-16,P7Y0M
10.1080/13575279.2014.966651,10.1016/s0140-6736(97)11096-0,2014-12-08,P16Y10M
10.1007/s11908-015-0506-5,10.1016/s0140-6736(97)11096-0,2015-10-07,P17Y8M
10.1093/infdis/jiu649,10.1016/s0140-6736(97)11096-0,2015-06-26,P17Y4M
10.1001/jamapediatrics.2018.1231,10.1016/s0140-6736(97)11096-0,2018-08-01,P20Y6M
10.2144/000113096,10.1016/s0140-6736(97)11096-0,2009-03,P11Y1M
10.2165/00002018-200124130-00001,10.1016/s0140-6736(97)11096-0,2001,P3Y
10.2165/00002018-200427120-00001,10.1016/s0140-6736(97)11096-0,2004,P6Y
10.2165/00002018-200629120-00002,10.1016/s0140-6736(97)11096-0,2006,P8Y
10.2165/00002018-200730100-00002,10.1016/s0140-6736(97)11096-0,2007,P9Y
10.2165/00003495-200363190-00012,10.1016/s0140-6736(97)11096-0,2003,P5Y
10.2165/00003495-200565110-00004,10.1016/s0140-6736(97)11096-0,2005,P7Y
10.1007/s11747-017-0528-7,10.1016/s0140-6736(97)11096-0,2017-03-29,P19Y1M
10.4045/tidsskr.10.1132,10.1016/s0140-6736(97)11096-0,2012,P14Y
10.1136/eb-2014-101946,10.1016/s0140-6736(97)11096-0,2014-08-05,P16Y6M
10.1136/jech.54.6.402,10.1016/s0140-6736(97)11096-0,2000-06-01,P2Y4M
10.1136/medethics-2013-101944,10.1016/s0140-6736(97)11096-0,2013-12-13,P15Y10M
10.1136/medhum-2015-010761,10.1016/s0140-6736(97)11096-0,2015-10-05,P17Y8M
10.1038/35103559,10.1016/s0140-6736(97)11096-0,2001-12,P3Y10M
10.1038/481145d,10.1016/s0140-6736(97)11096-0,2012-01,P13Y11M
10.1038/512351f,10.1016/s0140-6736(97)11096-0,2014-08,P16Y6M
10.1017/9781108551663,10.1016/s0140-6736(97)11096-0,2019-08-23,P21Y6M
10.1017/9781108551663.001,10.1016/s0140-6736(97)11096-0,2019-09-30,P21Y7M
10.1187/cbe.15-02-0032,10.1016/s0140-6736(97)11096-0,2015-09,P17Y7M
10.1007/s00018-018-2988-4,10.1016/s0140-6736(97)11096-0,2018-12-20,P20Y10M
10.1007/s10571-009-9453-8,10.1016/s0140-6736(97)11096-0,2009-09-23,P11Y7M
10.1038/news020603-16,10.1016/s0140-6736(97)11096-0,2002-06-12,P4Y4M
10.1038/news030804-12,10.1016/s0140-6736(97)11096-0,2003-08-08,P5Y6M
10.1038/news070611-13,10.1016/s0140-6736(97)11096-0,2007-06-15,P9Y4M
10.1038/news070716-6,10.1016/s0140-6736(97)11096-0,2007-07-18,P9Y5M
10.1038/nm0310-248b,10.1016/s0140-6736(97)11096-0,2010-03,P12Y1M
10.1038/nm0704-658,10.1016/s0140-6736(97)11096-0,2004-07,P6Y5M
10.1038/nm0807-896,10.1016/s0140-6736(97)11096-0,2007-08,P9Y6M
10.1038/nm1106-1228,10.1016/s0140-6736(97)11096-0,2006-10-30,P8Y8M
10.1038/nm1220,10.1016/s0140-6736(97)11096-0,2005-04,P7Y2M
10.1038/nmeth.2443,10.1016/s0140-6736(97)11096-0,2013-04-29,P15Y2M
10.1007/s11307-018-1210-2,10.1016/s0140-6736(97)11096-0,2018-05-31,P20Y3M
10.3390/bdcc2010002,10.1016/s0140-6736(97)11096-0,2018-01-16,P19Y11M
10.1177/1460458204040664,10.1016/s0140-6736(97)11096-0,2004-03,P6Y1M
10.1177/1460458208096654,10.1016/s0140-6736(97)11096-0,2008-12,P10Y10M
10.1177/1464884911432660,10.1016/s0140-6736(97)11096-0,2012-01-10,P13Y11M
10.1177/146642400512500212,10.1016/s0140-6736(97)11096-0,2005-03,P7Y1M
10.1177/1468796817692629,10.1016/s0140-6736(97)11096-0,2017-03-09,P19Y1M
10.1177/146900470200600205,10.1016/s0140-6736(97)11096-0,2002-06,P4Y4M
10.1177/14690446070080010901,10.1016/s0140-6736(97)11096-0,2007-02,P9Y0M
10.1002/9781118517000.ch19,10.1016/s0140-6736(97)11096-0,2013-03-11,P15Y1M
10.1590/1413-81232015202.10172014,10.1016/s0140-6736(97)11096-0,2015-02,P17Y0M
10.3917/psye.482.0577,10.1016/s0140-6736(97)11096-0,2005,P7Y
10.1024/1422-4917.33.4.259,10.1016/s0140-6736(97)11096-0,2005-10,P7Y8M
10.1026/0033-3042/a000371,10.1016/s0140-6736(97)11096-0,2018-07,P20Y5M
10.1111/j.1744-6155.2009.00193.x,10.1016/s0140-6736(97)11096-0,2009-07,P11Y5M
10.1111/j.1744-6155.2009.00194.x,10.1016/s0140-6736(97)11096-0,2009-07,P11Y5M
10.1111/j.1744-6171.2012.00325.x,10.1016/s0140-6736(97)11096-0,2012-04-19,P14Y2M
10.1007/s00103-009-0961-y,10.1016/s0140-6736(97)11096-0,2009-09-23,P11Y7M
10.1007/s00103-010-1234-5,10.1016/s0140-6736(97)11096-0,2011-02-25,P13Y0M
10.1007/s00103-019-02913-1,10.1016/s0140-6736(97)11096-0,2019-02-28,P21Y0M
10.1038/ajg.2010.149,10.1016/s0140-6736(97)11096-0,2010-05,P12Y3M
10.1111/pcn.12606,10.1016/s0140-6736(97)11096-0,2017-11-13,P19Y9M
10.1201/9781420068870-c8,10.1016/s0140-6736(97)11096-0,2009-10-26,P11Y8M
10.1201/9781420068870-c9,10.1016/s0140-6736(97)11096-0,2009-10-26,P11Y8M
10.1201/b10449-14,10.1016/s0140-6736(97)11096-0,2010-12-03,P12Y10M
10.1201/b11019-27,10.1016/s0140-6736(97)11096-0,2011-07-19,P13Y5M
10.1111/j.1365-2559.2007.02606.x,10.1016/s0140-6736(97)11096-0,2007-02,P9Y0M
10.1111/j.1365-2559.2007.02607.x,10.1016/s0140-6736(97)11096-0,2007-02,P9Y0M
10.1111/j.1365-2559.2007.02805.x,10.1016/s0140-6736(97)11096-0,2007-10,P9Y8M
10.1002/9781118858080.ch7,10.1016/s0140-6736(97)11096-0,2014-07-12,P16Y5M
10.1007/s10309-012-0296-9,10.1016/s0140-6736(97)11096-0,2013-01-19,P14Y11M
10.2196/10347,10.1016/s0140-6736(97)11096-0,2018-11-07,P20Y9M
10.2196/11036,10.1016/s0140-6736(97)11096-0,2019-06-04,P21Y4M
10.2196/jmir.2409,10.1016/s0140-6736(97)11096-0,2013-05-28,P15Y3M
10.2196/jmir.4153,10.1016/s0140-6736(97)11096-0,2015-05-29,P17Y3M
10.2196/publichealth.9544,10.1016/s0140-6736(97)11096-0,2019-01-23,P20Y11M
10.1007/978-3-642-36527-0_8,10.1016/s0140-6736(97)11096-0,2013,P15Y
10.1097/01.ede.0000082044.88833.c4,10.1016/s0140-6736(97)11096-0,2003-09,P5Y7M
10.1097/01.ede.0000190553.72757.15,10.1016/s0140-6736(97)11096-0,2006-01,P7Y11M
10.1097/01.inf.0000073059.57867.36,10.1016/s0140-6736(97)11096-0,2003-07,P5Y5M
10.1097/01.inf.0000073300.05256.00,10.1016/s0140-6736(97)11096-0,2003-07,P5Y5M
10.1097/01.inf.0000183853.16113.a6,10.1016/s0140-6736(97)11096-0,2005-11,P7Y9M
10.1097/01.jaa.0000451873.94189.56,10.1016/s0140-6736(97)11096-0,2014-08,P16Y6M
10.1080/10937400600882079,10.1016/s0140-6736(97)11096-0,2006-01,P7Y11M
10.1002/jeab.438,10.1016/s0140-6736(97)11096-0,2018-05-17,P20Y3M
10.5860/rusq.53n3.232,10.1016/s0140-6736(97)11096-0,2014-03-01,P16Y1M
10.1111/jpc.12796,10.1016/s0140-6736(97)11096-0,2015-01,P16Y11M
10.1086/341914,10.1016/s0140-6736(97)11096-0,2002-09,P4Y7M
10.1086/368336,10.1016/s0140-6736(97)11096-0,2003-05-15,P5Y3M
10.1111/test.12071,10.1016/s0140-6736(97)11096-0,2014-12-12,P16Y10M
10.1080/07370016.2011.615178,10.1016/s0140-6736(97)11096-0,2011-10,P13Y8M
10.1080/07388551.2017.1356804,10.1016/s0140-6736(97)11096-0,2017-10-17,P19Y8M
10.1089/omi.2010.0139,10.1016/s0140-6736(97)11096-0,2011-09,P13Y7M
10.1002/aur.1854,10.1016/s0140-6736(97)11096-0,2017-08-30,P19Y6M
10.3389/fmed.2018.00345,10.1016/s0140-6736(97)11096-0,2018-12-06,P20Y10M
10.1080/03014460902852593,10.1016/s0140-6736(97)11096-0,2009-01,P10Y11M
10.1080/03054985.2013.764757,10.1016/s0140-6736(97)11096-0,2013-01-30,P14Y11M
10.1002/jmv.10371,10.1016/s0140-6736(97)11096-0,2003-03-04,P5Y1M
10.1002/jmv.20585,10.1016/s0140-6736(97)11096-0,2006,P8Y
10.1177/1359104502007004003,10.1016/s0140-6736(97)11096-0,2002-10,P4Y8M
10.1177/1359104502007004004,10.1016/s0140-6736(97)11096-0,2002-10,P4Y8M
10.1177/1359105313513622,10.1016/s0140-6736(97)11096-0,2013-12-12,P15Y10M
10.1177/1362361300004002008,10.1016/s0140-6736(97)11096-0,2000-06,P2Y4M
10.1177/1362361302006001008,10.1016/s0140-6736(97)11096-0,2002-03,P4Y1M
10.1177/1362361302006002002,10.1016/s0140-6736(97)11096-0,2002-06,P4Y4M
10.1177/1362361303007002004,10.1016/s0140-6736(97)11096-0,2003-06,P5Y4M
10.1177/1362361305057880,10.1016/s0140-6736(97)11096-0,2005-12,P7Y10M
10.1177/1362361307078126,10.1016/s0140-6736(97)11096-0,2007-07,P9Y5M
10.1177/1362361307089518,10.1016/s0140-6736(97)11096-0,2008-04-29,P10Y2M
10.1177/1362361309106418,10.1016/s0140-6736(97)11096-0,2009-06-17,P11Y4M
10.1177/1362361312459111,10.1016/s0140-6736(97)11096-0,2012-10-08,P14Y8M
10.1177/1362361315585310,10.1016/s0140-6736(97)11096-0,2015-05-26,P17Y3M
10.1177/1362361398024006,10.1016/s0140-6736(97)11096-0,1998-12,P0Y10M
10.1177/1362361398024007,10.1016/s0140-6736(97)11096-0,1998-12,P0Y10M
10.1177/1362361399003001005,10.1016/s0140-6736(97)11096-0,1999-03,P1Y1M
10.1177/1362361399003001010,10.1016/s0140-6736(97)11096-0,1999-03,P1Y1M
10.1177/1363459316660860,10.1016/s0140-6736(97)11096-0,2016-07-29,P18Y5M
10.1177/1367493519867170,10.1016/s0140-6736(97)11096-0,2019-07-30,P21Y5M
10.1051/mbcb/2011004,10.1016/s0140-6736(97)11096-0,2011-02,P13Y0M
10.1051/medsci/201026121087,10.1016/s0140-6736(97)11096-0,2010-12,P12Y10M
10.1051/ppsy/2007463218,10.1016/s0140-6736(97)11096-0,2007-07,P9Y5M
10.1002/jcph.654,10.1016/s0140-6736(97)11096-0,2016-01-18,P17Y11M
10.1186/s12888-018-1937-y,10.1016/s0140-6736(97)11096-0,2018-11-21,P20Y9M
10.1186/s12916-014-0166-6,10.1016/s0140-6736(97)11096-0,2014-09-18,P16Y7M
10.1007/978-0-230-21399-9_13,10.1016/s0140-6736(97)11096-0,2004,P6Y
10.1007/978-0-230-36907-8_3,10.1016/s0140-6736(97)11096-0,2012,P14Y
10.1007/978-0-387-09757-2_46,10.1016/s0140-6736(97)11096-0,2010,P12Y
10.1007/s00227-012-1943-4,10.1016/s0140-6736(97)11096-0,2012-05-08,P14Y3M
10.1007/s00228-015-1897-9,10.1016/s0140-6736(97)11096-0,2015-08-05,P17Y6M
10.1097/dcc.0000000000000250,10.1016/s0140-6736(97)11096-0,2017,P19Y
10.1097/00019052-199904000-00005,10.1016/s0140-6736(97)11096-0,1999-04,P1Y2M
10.1097/00019052-200206000-00018,10.1016/s0140-6736(97)11096-0,2002-06,P4Y4M
10.1097/00041444-200106000-00008,10.1016/s0140-6736(97)11096-0,2001-06,P3Y4M
10.1097/00042737-200508000-00007,10.1016/s0140-6736(97)11096-0,2005-08,P7Y6M
10.1097/00042737-200508000-00009,10.1016/s0140-6736(97)11096-0,2005-08,P7Y6M
10.1097/00042737-200605000-00023,10.1016/s0140-6736(97)11096-0,2006-05,P8Y3M
10.1097/00042737-200605000-00024,10.1016/s0140-6736(97)11096-0,2006-05,P8Y3M
10.1093/carcin/bgx085,10.1016/s0140-6736(97)11096-0,2017-08-31,P19Y6M
10.1093/cid/ciz135,10.1016/s0140-6736(97)11096-0,2019-02-12,P21Y0M
10.2478/v10011-011-0004-8,10.1016/s0140-6736(97)11096-0,2011,P13Y
10.1111/camh.12320,10.1016/s0140-6736(97)11096-0,2019-01-28,P20Y11M
10.1111/cch.12453,10.1016/s0140-6736(97)11096-0,2017-03-07,P19Y1M
10.1111/cch.12612,10.1016/s0140-6736(97)11096-0,2018-08-22,P20Y6M
10.1111/cea.12325,10.1016/s0140-6736(97)11096-0,2014-06-23,P16Y4M
10.1080/13698575.2010.515738,10.1016/s0140-6736(97)11096-0,2011-03-30,P13Y1M
10.1080/14034940310018192,10.1016/s0140-6736(97)11096-0,2004-05,P6Y3M
10.1080/14034940310022205,10.1016/s0140-6736(97)11096-0,2004-03,P6Y1M
10.1080/14616700600980652,10.1016/s0140-6736(97)11096-0,2006-12,P8Y10M
10.7863/jum.2012.31.8.1261,10.1016/s0140-6736(97)11096-0,2012-08,P14Y6M
10.1007/978-94-007-0564-7_5,10.1016/s0140-6736(97)11096-0,2009,P11Y
10.1007/978-94-007-3998-7_8,10.1016/s0140-6736(97)11096-0,2012,P14Y
10.1377/hlthaff.2015.1392,10.1016/s0140-6736(97)11096-0,2016-04,P18Y2M
10.1377/hlthaff.24.3.729,10.1016/s0140-6736(97)11096-0,2005-05,P7Y3M
10.1377/hlthaff.24.3.740,10.1016/s0140-6736(97)11096-0,2005-05,P7Y3M
10.1371/journal.pone.0179031,10.1016/s0140-6736(97)11096-0,2017-06-29,P19Y4M
10.1016/j.phr.2004.09.003,10.1016/s0140-6736(97)11096-0,2004-11,P6Y9M
10.1002/asi.22755,10.1016/s0140-6736(97)11096-0,2012-12-13,P14Y10M
10.1002/asi.22798,10.1016/s0140-6736(97)11096-0,2012-12-04,P14Y10M
10.1002/asi.22968,10.1016/s0140-6736(97)11096-0,2013-11-01,P15Y9M
10.1002/asi.23753,10.1016/s0140-6736(97)11096-0,2016-12-21,P18Y10M
10.1002/asi.23826,10.1016/s0140-6736(97)11096-0,2017-04-26,P19Y2M
10.1080/00365520410003326,10.1016/s0140-6736(97)11096-0,2004-01,P5Y11M
10.1007/bf02723025,10.1016/s0140-6736(97)11096-0,2001-05,P3Y3M
10.1007/bf02723162,10.1016/s0140-6736(97)11096-0,2003-07,P5Y5M
10.1586/14760584.1.2.145,10.1016/s0140-6736(97)11096-0,2002-08,P4Y6M
10.1586/14760584.2014.928208,10.1016/s0140-6736(97)11096-0,2014-06-14,P16Y4M
10.1586/14760584.2015.1037289,10.1016/s0140-6736(97)11096-0,2015-04-15,P17Y2M
10.1586/14760584.2015.964212,10.1016/s0140-6736(97)11096-0,2014-11-06,P16Y9M
10.1586/14760584.3.1.19,10.1016/s0140-6736(97)11096-0,2004-02,P6Y0M
10.1586/14760584.5.5.641,10.1016/s0140-6736(97)11096-0,2006-10,P8Y8M
10.1586/14760584.6.5.863,10.1016/s0140-6736(97)11096-0,2007-10,P9Y8M
10.1586/14760584.8.2.179,10.1016/s0140-6736(97)11096-0,2009-02,P11Y0M
10.1586/14787210.2015.1003808,10.1016/s0140-6736(97)11096-0,2015-01-22,P16Y11M
10.18585/inabj.v6i3.27,10.1016/s0140-6736(97)11096-0,2014-12-01,P16Y10M
10.1177/1527154408323242,10.1016/s0140-6736(97)11096-0,2008-11,P10Y9M
10.1177/1533210109333771,10.1016/s0140-6736(97)11096-0,2009-01,P10Y11M
10.1177/1534734619870083,10.1016/s0140-6736(97)11096-0,2019-08-29,P21Y6M
10.1177/153537020322800601,10.1016/s0140-6736(97)11096-0,2003-06,P5Y4M
10.1177/1540796914556779,10.1016/s0140-6736(97)11096-0,2014-09,P16Y7M
10.1002/14651858.cd007849.pub2,10.1016/s0140-6736(97)11096-0,2011-09-07,P13Y7M
10.5487/tr.2013.29.3.173,10.1016/s0140-6736(97)11096-0,2013-09-30,P15Y7M
10.5507/epd.2018.003,10.1016/s0140-6736(97)11096-0,2018-03-01,P20Y1M
10.1007/s40619-014-0080-3,10.1016/s0140-6736(97)11096-0,2014-11-14,P16Y9M
10.1017/s0269889710000281,10.1016/s0140-6736(97)11096-0,2011-02-03,P13Y0M
10.1017/s0317167100005278,10.1016/s0140-6736(97)11096-0,2006-11,P8Y9M
10.1017/s031716710000528x,10.1016/s0140-6736(97)11096-0,2006-11,P8Y9M
10.1017/s0950268809002714,10.1016/s0140-6736(97)11096-0,2009-05-27,P11Y3M
10.1017/s0950268812002300,10.1016/s0140-6736(97)11096-0,2012-11-09,P14Y9M
10.1017/s0950268814000752,10.1016/s0140-6736(97)11096-0,2014-05-08,P16Y3M
10.1017/s0950268815001909,10.1016/s0140-6736(97)11096-0,2015-08-12,P17Y6M
10.1017/s0950268818000602,10.1016/s0140-6736(97)11096-0,2018-03-22,P20Y1M
10.1002/bsl.2030,10.1016/s0140-6736(97)11096-0,2012-10-08,P14Y8M
10.1111/j.1467-8519.2005.00425.x,10.1016/s0140-6736(97)11096-0,2005-02,P7Y0M
10.1111/j.1467-8519.2005.00433.x,10.1016/s0140-6736(97)11096-0,2005-04,P7Y2M
10.1111/j.1469-8749.2003.tb00915.x,10.1016/s0140-6736(97)11096-0,2007-02-13,P9Y0M
10.1111/j.1469-8749.2011.03915.x,10.1016/s0140-6736(97)11096-0,2011-03-21,P13Y1M
10.1111/j.1471-1842.2008.00773.x,10.1016/s0140-6736(97)11096-0,2008-06,P10Y4M
10.1111/j.1471-3802.2009.01112.x,10.1016/s0140-6736(97)11096-0,2009-03,P11Y1M
10.1034/j.1600-0447.2001.00086.x,10.1016/s0140-6736(97)11096-0,2001-06,P3Y4M
10.1093/heapro/daq048,10.1016/s0140-6736(97)11096-0,2010-08-16,P12Y6M
10.1093/ije/dyp267,10.1016/s0140-6736(97)11096-0,2009-09-07,P11Y7M
10.1007/978-1-4471-5128-9_8,10.1016/s0140-6736(97)11096-0,2013,P15Y
10.1007/978-1-4419-9764-7_3,10.1016/s0140-6736(97)11096-0,2011,P13Y
10.1162/posc_a_00223,10.1016/s0140-6736(97)11096-0,2016-10,P18Y8M
10.1007/978-3-319-15013-0_7,10.1016/s0140-6736(97)11096-0,2015,P17Y
10.1007/978-3-319-15949-2_16,10.1016/s0140-6736(97)11096-0,2015,P17Y
10.1007/978-3-319-16321-5_1,10.1016/s0140-6736(97)11096-0,2015,P17Y
10.2165/00023210-200115110-00002,10.1016/s0140-6736(97)11096-0,2001,P3Y
10.2165/00128072-200002010-00006,10.1016/s0140-6736(97)11096-0,2000-01,P1Y11M
10.2165/00128072-200002040-00004,10.1016/s0140-6736(97)11096-0,2000-07,P2Y5M
10.2165/00148581-200002010-00006,10.1016/s0140-6736(97)11096-0,2000,P2Y
10.2165/11636270-000000000-00000,10.1016/s0140-6736(97)11096-0,2012-11,P14Y9M
10.2169/naika.97.2590,10.1016/s0140-6736(97)11096-0,2008,P10Y
10.1177/1745691612460687,10.1016/s0140-6736(97)11096-0,2012-11,P14Y9M
10.1177/1755738016683410,10.1016/s0140-6736(97)11096-0,2017-03-28,P19Y1M
10.1177/175717740100200106,10.1016/s0140-6736(97)11096-0,2001-02,P3Y0M
10.1177/1757913913485345,10.1016/s0140-6736(97)11096-0,2013-05,P15Y3M
10.1007/s12646-015-0302-1,10.1016/s0140-6736(97)11096-0,2015-02-13,P17Y0M
10.4199/c00138ed1v01y201509gbd007,10.1016/s0140-6736(97)11096-0,2015-10-20,P17Y8M
10.1007/s00112-018-0610-3,10.1016/s0140-6736(97)11096-0,2018-11-06,P20Y9M
10.1007/s00127-009-0087-4,10.1016/s0140-6736(97)11096-0,2009-06-24,P11Y4M
10.2174/1874220301704010015,10.1016/s0140-6736(97)11096-0,2017-09-30,P19Y7M
10.1177/0009922806289581,10.1016/s0140-6736(97)11096-0,2006-06,P8Y4M
10.1177/0009922817727465,10.1016/s0140-6736(97)11096-0,2017-08-21,P19Y6M
10.4103/0256-4947.65261,10.1016/s0140-6736(97)11096-0,2010-07,P12Y5M
10.1002/aur.2339,10.1016/s0140-6736(97)11096-0,2020-07-24,P22Y5M
10.1080/0194262x.2020.1796891,10.1016/s0140-6736(97)11096-0,2020-07-29,P22Y5M
10.1308/rcsann.2016.0046,10.1016/s0140-6736(97)11096-0,2016-01,P17Y11M
10.1136/archdischild-2019-316927,10.1016/s0140-6736(97)11096-0,2019-10-01,P21Y8M
10.5863/1551-6776-25.5.384,10.1016/s0140-6736(97)11096-0,2020-06-01,P22Y4M
10.1101/2020.08.10.244947,10.1016/s0140-6736(97)11096-0,2020-08-11,P22Y6M
10.1007/978-3-030-49672-2_1,10.1016/s0140-6736(97)11096-0,2020,P22Y
10.3389/fmed.2020.00400,10.1016/s0140-6736(97)11096-0,2020-08-11,P22Y6M
10.1007/978-3-030-48818-5_6,10.1016/s0140-6736(97)11096-0,2020,P22Y
10.1080/07370024.2020.1734460,10.1016/s0140-6736(97)11096-0,2020-04-27,P22Y2M
10.1007/978-3-030-58414-6_36,10.1016/s0140-6736(97)11096-0,2020-11-02,P22Y9M
10.1007/s10815-020-01982-5,10.1016/s0140-6736(97)11096-0,2020-10-20,P22Y8M
10.1016/j.pepo.2012.05.003,10.1016/s0140-6736(97)11096-0,2012-07,P14Y5M
10.1111/j.1468-5914.2011.00468.x,10.1016/s0140-6736(97)11096-0,2011-05-12,P13Y3M
10.1111/j.1469-7610.2004.00391.x,10.1016/s0140-6736(97)11096-0,2005-09,P7Y7M
10.1111/j.1469-7610.2005.01425.x,10.1016/s0140-6736(97)11096-0,2005-06,P7Y4M
10.1111/j.1945-1474.2003.tb01085.x,10.1016/s0140-6736(97)11096-0,2003-09,P5Y7M
10.1111/j.1945-1474.2003.tb01099.x,10.1016/s0140-6736(97)11096-0,2003-11,P5Y9M
10.1111/j.2042-7166.2011.01092.x,10.1016/s0140-6736(97)11096-0,2011-05-12,P13Y3M
10.1186/1471-2458-13-154,10.1016/s0140-6736(97)11096-0,2013-02-19,P15Y0M
10.1186/1471-2458-1-2,10.1016/s0140-6736(97)11096-0,2001-02-15,P3Y0M
10.1186/1471-2458-4-5,10.1016/s0140-6736(97)11096-0,2004-03-03,P6Y1M
10.1186/1471-2458-7-42,10.1016/s0140-6736(97)11096-0,2007-03-28,P9Y1M
10.1186/1471-2458-9-116,10.1016/s0140-6736(97)11096-0,2009-04-28,P11Y2M
10.1002/9781118898345.ch3,10.1016/s0140-6736(97)11096-0,2014-07-04,P16Y5M
10.1002/9781118911389.hautc46,10.1016/s0140-6736(97)11096-0,2014-04-01,P16Y2M
10.1111/j.1365-2214.2004.00380.x,10.1016/s0140-6736(97)11096-0,2004-01,P5Y11M
10.1111/j.1365-2214.2006.00647.x,10.1016/s0140-6736(97)11096-0,2007-03,P9Y1M
10.1111/j.1365-2214.2006.00655.x,10.1016/s0140-6736(97)11096-0,2006-09,P8Y7M
10.1108/s1057-6290(2010)0000011015,10.1016/s0140-6736(97)11096-0,2010-01,P11Y11M
10.1097/01720610-201006000-00012,10.1016/s0140-6736(97)11096-0,2010-06,P12Y4M
10.1097/01720610-201206000-00010,10.1016/s0140-6736(97)11096-0,2012-06,P14Y4M
10.1097/acm.0000000000001897,10.1016/s0140-6736(97)11096-0,2017-10,P19Y8M
10.1097/aia.0000000000000065,10.1016/s0140-6736(97)11096-0,2015,P17Y
10.1097/anc.0b013e318285f918,10.1016/s0140-6736(97)11096-0,2013-04,P15Y2M
10.1097/aog.0000000000000075,10.1016/s0140-6736(97)11096-0,2014-02,P16Y0M
10.3399/bjgp09x454241,10.1016/s0140-6736(97)11096-0,2009-09-01,P11Y7M
10.3399/bjgp14x680977,10.1016/s0140-6736(97)11096-0,2014-07-28,P16Y5M
10.3414/me14-05-0004,10.1016/s0140-6736(97)11096-0,2014,P16Y
10.1098/rsta.2011.0123,10.1016/s0140-6736(97)11096-0,2011-12-13,P13Y10M
10.1098/rstb.2013.0433,10.1016/s0140-6736(97)11096-0,2014-06-19,P16Y4M
10.1017/s0963180116000116,10.1016/s0140-6736(97)11096-0,2016-06-27,P18Y4M
10.1017/s0963180119000069,10.1016/s0140-6736(97)11096-0,2019-04,P21Y2M
10.1017/s1121189x00001093,10.1016/s0140-6736(97)11096-0,2010-09,P12Y7M
10.1111/hex.12030,10.1016/s0140-6736(97)11096-0,2012-12-16,P14Y10M
10.1111/hex.12438,10.1016/s0140-6736(97)11096-0,2015-12-28,P17Y10M
10.1111/hir.12259,10.1016/s0140-6736(97)11096-0,2019-05-17,P21Y3M
10.1111/ijpp.12044,10.1016/s0140-6736(97)11096-0,2013-05-20,P15Y3M
10.1007/978-3-030-15346-5_13,10.1016/s0140-6736(97)11096-0,2019,P21Y
10.1007/s10516-009-9085-0,10.1016/s0140-6736(97)11096-0,2009-10-10,P11Y8M
10.1007/s11065-008-9073-y,10.1016/s0140-6736(97)11096-0,2008-10-28,P10Y8M
10.1007/s11065-008-9074-x,10.1016/s0140-6736(97)11096-0,2008-11-18,P10Y9M
10.1046/j.1440-1754.2002.00791.x,10.1016/s0140-6736(97)11096-0,2002-04,P4Y2M
10.1111/j.1748-720x.2005.tb00511.x,10.1016/s0140-6736(97)11096-0,2005-09,P7Y7M
10.1080/10284150400004155,10.1016/s0140-6736(97)11096-0,2004-06,P6Y4M
10.1080/1028415x.2001.11747348,10.1016/s0140-6736(97)11096-0,2001-01,P2Y11M
10.1002/ajmg.a.35759,10.1016/s0140-6736(97)11096-0,2013-02-26,P15Y0M
10.1128/iai.05661-11,10.1016/s0140-6736(97)11096-0,2011-08-08,P13Y6M
10.1007/s10730-013-9227-z,10.1016/s0140-6736(97)11096-0,2013-10-16,P15Y8M
10.1590/s0034-89102011000100020,10.1016/s0140-6736(97)11096-0,2011-02,P13Y0M
10.1590/s0034-8910.2015049005149,10.1016/s0140-6736(97)11096-0,2015,P17Y
10.1056/nejmcpc079017,10.1016/s0140-6736(97)11096-0,2007-07-26,P9Y5M
10.1056/nejmcps1413402,10.1016/s0140-6736(97)11096-0,2015-06-04,P17Y4M
10.1056/nejmoa021134,10.1016/s0140-6736(97)11096-0,2002-11-07,P4Y9M
10.1056/nejmp078168,10.1016/s0140-6736(97)11096-0,2007-09-27,P9Y7M
10.1056/nejmra011223,10.1016/s0140-6736(97)11096-0,2001-10-04,P3Y8M
10.1002/9781118625392.wbecp573,10.1016/s0140-6736(97)11096-0,2015-01-23,P16Y11M
10.1007/s00384-015-2392-6,10.1016/s0140-6736(97)11096-0,2015-09-26,P17Y7M
10.1007/978-1-4939-0440-2_19,10.1016/s0140-6736(97)11096-0,2014-11-14,P16Y9M
10.1213/ane.0000000000001196,10.1016/s0140-6736(97)11096-0,2016-05,P18Y3M
10.1002/bies.201400075,10.1016/s0140-6736(97)11096-0,2014-08-22,P16Y6M
10.7202/1054067ar,10.1016/s0140-6736(97)11096-0,2018,P20Y
10.7243/2052-935x-4-1,10.1016/s0140-6736(97)11096-0,2016,P18Y
10.1080/00031305.2015.1048903,10.1016/s0140-6736(97)11096-0,2015-07-03,P17Y5M
10.1111/j.1365-263x.2004.00552.x,10.1016/s0140-6736(97)11096-0,2004-05,P6Y3M
10.1111/j.1365-2753.2009.01350.x,10.1016/s0140-6736(97)11096-0,2009-12,P11Y10M
10.1371/journal.pone.0003140,10.1016/s0140-6736(97)11096-0,2008-09-04,P10Y7M
10.1002/9780470061589.fsa1025,10.1016/s0140-6736(97)11096-0,2011-06-15,P13Y4M
10.1038/embor.2013.8,10.1016/s0140-6736(97)11096-0,2012-02-08,P14Y0M
10.1097/wco.0b013e3280555160,10.1016/s0140-6736(97)11096-0,2007-04,P9Y2M
10.1098/rsif.2010.0442.focus,10.1016/s0140-6736(97)11096-0,2010-09-22,P12Y7M
10.1590/s1983-80422013000200005,10.1016/s0140-6736(97)11096-0,2013-08,P15Y6M
10.1592/phco.23.15.1521.31956,10.1016/s0140-6736(97)11096-0,2003-12,P5Y10M
10.1592/phco.23.15.1524.31955,10.1016/s0140-6736(97)11096-0,2003-12,P5Y10M
10.1099/acmi.0.000013,10.1016/s0140-6736(97)11096-0,2019-04-01,P21Y2M
10.1099/ijsem.0.003323,10.1016/s0140-6736(97)11096-0,2019-07-01,P21Y5M
10.1099/jgv.0.001239,10.1016/s0140-6736(97)11096-0,2019-05-01,P21Y3M
10.1099/jmm.0.000954,10.1016/s0140-6736(97)11096-0,2019-04-01,P21Y2M
10.1099/mgen.0.000259,10.1016/s0140-6736(97)11096-0,2019-04-01,P21Y2M
10.1099/mic.0.000785,10.1016/s0140-6736(97)11096-0,2019-05-01,P21Y3M
10.1002/9780470939345.ch16,10.1016/s0140-6736(97)11096-0,2013-09-30,P15Y7M
10.1002/9780470939345.ch20,10.1016/s0140-6736(97)11096-0,2013-09-30,P15Y7M
10.1002/9780470939390.ch8,10.1016/s0140-6736(97)11096-0,2015-09-06,P17Y7M
10.1002/9780470939406.ch8,10.1016/s0140-6736(97)11096-0,2015-09-06,P17Y7M
10.1002/9780470976739.ch26,10.1016/s0140-6736(97)11096-0,2011-04-14,P13Y2M
10.1007/s40474-013-0002-2,10.1016/s0140-6736(97)11096-0,2014-01-16,P15Y11M
10.1007/978-1-61779-403-2_26,10.1016/s0140-6736(97)11096-0,2014,P16Y
10.1258/ijsa.2009.009380,10.1016/s0140-6736(97)11096-0,2011-07,P13Y5M
10.1258/jrsm.2008.070363,10.1016/s0140-6736(97)11096-0,2008-05,P10Y3M
10.1097/01.mop.0000133711.72529.78,10.1016/s0140-6736(97)11096-0,2004-08,P6Y6M
10.1097/01.mpg.0000226381.48989.f8,10.1016/s0140-6736(97)11096-0,2006-07,P8Y5M
10.1097/01.naj.0000342061.39299.c5,10.1016/s0140-6736(97)11096-0,2008-12,P10Y10M
10.1097/01.npr.0000393970.21436.8b,10.1016/s0140-6736(97)11096-0,2011-03,P13Y1M
10.1097/01.npr.0000476371.27491.20,10.1016/s0140-6736(97)11096-0,2016-11,P18Y9M
10.1097/01.nrl.0000051441.03160.e0,10.1016/s0140-6736(97)11096-0,2003-03,P5Y1M
10.1097/01.nurse.0000427987.16317.ae,10.1016/s0140-6736(97)11096-0,2013-04,P15Y2M
10.1097/01.qco.0000168383.93647.47,10.1016/s0140-6736(97)11096-0,2005-06,P7Y4M
10.1097/01.yco.0000228754.64743.66,10.1016/s0140-6736(97)11096-0,2006-07,P8Y5M
10.1080/10410236.2011.633158,10.1016/s0140-6736(97)11096-0,2012-10,P14Y8M
10.1080/10410236.2013.831685,10.1016/s0140-6736(97)11096-0,2014-01-21,P15Y11M
10.1080/10410236.2017.1384433,10.1016/s0140-6736(97)11096-0,2017-10-13,P19Y8M
10.1080/10428232.2013.740406,10.1016/s0140-6736(97)11096-0,2013-01,P14Y11M
10.1007/978-3-319-28326-5_2,10.1016/s0140-6736(97)11096-0,2016,P18Y
10.1016/j.pepo.2014.01.007,10.1016/s0140-6736(97)11096-0,2014-07,P16Y5M
10.1016/j.pepo.2014.07.003,10.1016/s0140-6736(97)11096-0,2014-09,P16Y7M
10.1097/mop.0000000000000937,10.1016/s0140-6736(97)11096-0,2020-08-06,P22Y6M
10.1080/09720502.2020.1759208,10.1016/s0140-6736(97)11096-0,2020-08-17,P22Y6M
10.21673/anadoluklin.773834,10.1016/s0140-6736(97)11096-0,2020-09-08,P22Y7M
10.1007/978-3-319-15347-6_200061,10.1016/s0140-6736(97)11096-0,2020,P22Y
10.1002/pra2.223,10.1016/s0140-6736(97)11096-0,2020-10,P22Y8M
10.1136/postgradmedj-2020-138793,10.1016/s0140-6736(97)11096-0,2020-09-17,P22Y7M
10.3999/jscpt.51.234,10.1016/s0140-6736(97)11096-0,2020-07-31,P22Y5M
10.1002/1096-8628(20001204)96:6<784::aid-ajmg18>3.0.co;2-7,10.1016/s0140-6736(97)11096-0,2000,P2Y
10.1590/0102-311x00101920,10.1016/s0140-6736(97)11096-0,2020,P22Y
10.1590/0102-311x00195519,10.1016/s0140-6736(97)11096-0,2020,P22Y
10.3233/jrs-200052,10.1016/s0140-6736(97)11096-0,2020-08-28,P22Y6M
10.1179/016164110x12645013515214,10.1016/s0140-6736(97)11096-0,2010-04,P12Y2M
10.1179/146531205225020925,10.1016/s0140-6736(97)11096-0,2005-06,P7Y4M
10.1179/146531207225022347,10.1016/s0140-6736(97)11096-0,2008-03,P10Y1M
10.4161/hv.19003,10.1016/s0140-6736(97)11096-0,2012-03-13,P14Y1M
10.4161/hv.19204,10.1016/s0140-6736(97)11096-0,2012-05,P14Y3M
10.4161/hv.20122,10.1016/s0140-6736(97)11096-0,2012-07,P14Y5M
10.4161/hv.21183,10.1016/s0140-6736(97)11096-0,2012-09-16,P14Y7M
10.4161/hv.24432,10.1016/s0140-6736(97)11096-0,2013-08-08,P15Y6M
10.4161/hv.24691,10.1016/s0140-6736(97)11096-0,2013-06-12,P15Y4M
10.4161/hv.24828,10.1016/s0140-6736(97)11096-0,2013-08-08,P15Y6M
10.4161/hv.25085,10.1016/s0140-6736(97)11096-0,2013-08-08,P15Y6M
10.4161/hv.25250,10.1016/s0140-6736(97)11096-0,2013-08-08,P15Y6M
10.4161/hv.26411,10.1016/s0140-6736(97)11096-0,2013-12-01,P15Y10M
10.4161/hv.7.12.17980,10.1016/s0140-6736(97)11096-0,2011-12,P13Y10M
10.1111/j.1525-1446.2008.00724.x,10.1016/s0140-6736(97)11096-0,2008-09,P10Y7M
10.1002/path.1873,10.1016/s0140-6736(97)11096-0,2005,P7Y
10.3109/1354750x.2011.598564,10.1016/s0140-6736(97)11096-0,2011-10-25,P13Y8M
10.1002/pds.3217,10.1016/s0140-6736(97)11096-0,2012-01-30,P13Y11M
10.1002/pds.4765,10.1016/s0140-6736(97)11096-0,2019-04-16,P21Y2M
10.1093/pch/6.6.387,10.1016/s0140-6736(97)11096-0,2001-07-01,P3Y5M
10.1093/pch/6.6.393,10.1016/s0140-6736(97)11096-0,2001-07-01,P3Y5M
10.1093/pch/7.9.623,10.1016/s0140-6736(97)11096-0,2002-11,P4Y9M
10.1093/pch/9.6.373,10.1016/s0140-6736(97)11096-0,2004-07-01,P6Y5M
10.1093/phe/phs023,10.1016/s0140-6736(97)11096-0,2012-07-01,P14Y5M
10.1128/mbio.01046-16,10.1016/s0140-6736(97)11096-0,2016-07-26,P18Y5M
10.1111/j.1572-0241.2000.03247.x,10.1016/s0140-6736(97)11096-0,2000-09,P2Y7M
10.1111/j.1572-0241.2000.03248.x,10.1016/s0140-6736(97)11096-0,2000-09,P2Y7M
10.1111/j.1572-0241.2001.03943.x,10.1016/s0140-6736(97)11096-0,2001-07,P3Y5M
10.1111/j.1572-0241.2003.07593.x,10.1016/s0140-6736(97)11096-0,2003-08,P5Y6M
10.1111/j.1572-0241.2005.41202_4.x,10.1016/s0140-6736(97)11096-0,2005-04,P7Y2M
10.1111/j.1600-0404.2008.01131.x,10.1016/s0140-6736(97)11096-0,2009-05,P11Y3M
10.1007/978-3-662-54799-1_4,10.1016/s0140-6736(97)11096-0,2017-08-09,P19Y6M
10.1177/105984050101700105,10.1016/s0140-6736(97)11096-0,2001-02,P3Y0M
10.1177/1059840512455365,10.1016/s0140-6736(97)11096-0,2012-07-25,P14Y5M
10.1177/1073110516667942,10.1016/s0140-6736(97)11096-0,2016-09,P18Y7M
10.1177/1075547008320262,10.1016/s0140-6736(97)11096-0,2008-09,P10Y7M
10.1177/1075547012450951,10.1016/s0140-6736(97)11096-0,2012-09-07,P14Y7M
10.1177/1075547012458290,10.1016/s0140-6736(97)11096-0,2012-09-13,P14Y7M
10.1111/j.1467-9566.2007.00544.x,10.1016/s0140-6736(97)11096-0,2007-03,P9Y1M
10.1111/j.1468-0009.2012.00664.x,10.1016/s0140-6736(97)11096-0,2012-06,P14Y4M
10.1002/jppr1998286443,10.1016/s0140-6736(97)11096-0,1998-12,P0Y10M
10.1080/09687590802535345,10.1016/s0140-6736(97)11096-0,2009-01,P10Y11M
10.1080/09687591003701231,10.1016/s0140-6736(97)11096-0,2010-04-28,P12Y2M
10.1080/09687599.2011.618739,10.1016/s0140-6736(97)11096-0,2011-12,P13Y10M
10.1080/10236198.2015.1107549,10.1016/s0140-6736(97)11096-0,2015-11-16,P17Y9M
10.1177/009286150904300303,10.1016/s0140-6736(97)11096-0,2009-05,P11Y3M
10.1007/978-1-4614-9608-3_33,10.1016/s0140-6736(97)11096-0,2014,P16Y
10.1177/014107680409701115,10.1016/s0140-6736(97)11096-0,2004-11,P6Y9M
10.1177/0141076813511452,10.1016/s0140-6736(97)11096-0,2013-11-21,P15Y9M
10.1002/9780470710470.refs,10.1016/s0140-6736(97)11096-0,2010-03-25,P12Y1M
10.1073/pnas.1212247109,10.1016/s0140-6736(97)11096-0,2012-10-01,P14Y8M
10.1073/pnas.1504019112,10.1016/s0140-6736(97)11096-0,2015-08-03,P17Y6M
10.1017/s1463423609990284,10.1016/s0140-6736(97)11096-0,2009-12-03,P11Y10M
10.1089/hs.2017.0021,10.1016/s0140-6736(97)11096-0,2017-06,P19Y4M
10.1002/rmv.1743,10.1016/s0140-6736(97)11096-0,2013-03-06,P15Y1M
10.1002/rmv.1928,10.1016/s0140-6736(97)11096-0,2017-03-20,P19Y1M
10.1002/rmv.389,10.1016/s0140-6736(97)11096-0,2003,P5Y
10.1002/rmv.556,10.1016/s0140-6736(97)11096-0,2007,P9Y
10.1038/jp.2016.209,10.1016/s0140-6736(97)11096-0,2016-11-17,P18Y9M
10.1111/j.1365-2788.2006.00833.x,10.1016/s0140-6736(97)11096-0,2006-10,P8Y8M
10.1111/j.1365-2788.2008.01134.x,10.1016/s0140-6736(97)11096-0,2009-02,P11Y0M
10.1111/j.1365-2788.2012.01617.x,10.1016/s0140-6736(97)11096-0,2012-10-29,P14Y8M
10.1556/0016.2018.73.4.3,10.1016/s0140-6736(97)11096-0,2018-12,P20Y10M
10.2807/1560-7917.es2014.19.48.20979,10.1016/s0140-6736(97)11096-0,2014-12-04,P16Y10M
10.2807/1560-7917.es.2017.22.42.17-00673,10.1016/s0140-6736(97)11096-0,2017-10-19,P19Y8M
10.1177/0962280216660420,10.1016/s0140-6736(97)11096-0,2016-08,P18Y6M
10.1177/0963662506067662,10.1016/s0140-6736(97)11096-0,2008-04,P10Y2M
10.1177/0963662509359490,10.1016/s0140-6736(97)11096-0,2010-03-24,P12Y1M
10.1177/0963662512445012,10.1016/s0140-6736(97)11096-0,2012-05-10,P14Y3M
10.1177/0963662515615087,10.1016/s0140-6736(97)11096-0,2016-08-03,P18Y6M
10.1177/0963662518817187,10.1016/s0140-6736(97)11096-0,2018-12-10,P20Y10M
10.1080/17449642.2011.632716,10.1016/s0140-6736(97)11096-0,2011-10,P13Y8M
10.1080/17470218.2013.821510,10.1016/s0140-6736(97)11096-0,2014-03,P16Y1M
10.1590/s0104-59702003000500018,10.1016/s0140-6736(97)11096-0,2003,P5Y
10.1371/journal.pbio.1000114,10.1016/s0140-6736(97)11096-0,2009-05-26,P11Y3M
10.1002/9780470918449.biblio,10.1016/s0140-6736(97)11096-0,2011-02-25,P13Y0M
10.1177/001789690206100208,10.1016/s0140-6736(97)11096-0,2002-06,P4Y4M
10.1177/0017896910363146,10.1016/s0140-6736(97)11096-0,2010-03,P12Y1M
10.1177/001857870003501203,10.1016/s0140-6736(97)11096-0,2000-12,P2Y10M
10.1177/001857870003501217,10.1016/s0140-6736(97)11096-0,2000-12,P2Y10M
10.1177/001857879903400610,10.1016/s0140-6736(97)11096-0,1999-06,P1Y4M
10.1007/978-1-4614-3360-6_12,10.1016/s0140-6736(97)11096-0,2012,P14Y
10.1007/978-1-4614-3917-2_23,10.1016/s0140-6736(97)11096-0,2012-07-07,P14Y5M
10.1007/978-1-4614-4788-7_122,10.1016/s0140-6736(97)11096-0,2014,P16Y
10.1007/978-1-4614-4788-7_127,10.1016/s0140-6736(97)11096-0,2014,P16Y
10.1007/978-1-4614-4788-7_78,10.1016/s0140-6736(97)11096-0,2014,P16Y
10.1111/j.1468-3156.2010.00624.x,10.1016/s0140-6736(97)11096-0,2011-05-04,P13Y3M
10.1111/j.1651-2227.1999.tb00051.x,10.1016/s0140-6736(97)11096-0,2007-01-02,P8Y11M
10.1111/j.1651-2227.2004.tb02736.x,10.1016/s0140-6736(97)11096-0,2007-01-02,P8Y11M
10.1111/j.1651-2227.2004.tb02755.x,10.1016/s0140-6736(97)11096-0,2007-01-02,P8Y11M
10.1111/j.1651-2227.2005.tb01779.x,10.1016/s0140-6736(97)11096-0,2007-01-02,P8Y11M
10.1111/j.1740-9713.2006.00196.x,10.1016/s0140-6736(97)11096-0,2006-11-28,P8Y9M
10.1007/s11882-004-0010-8,10.1016/s0140-6736(97)11096-0,2004-11,P6Y9M
10.1080/17549507.2018.1485742,10.1016/s0140-6736(97)11096-0,2018-10-11,P20Y8M
10.1002/9781444325461.biblio,10.1016/s0140-6736(97)11096-0,2010-06-29,P12Y4M
10.1007/s40124-014-0052-x,10.1016/s0140-6736(97)11096-0,2014-06-28,P16Y4M
10.1097/00001163-200201000-00009,10.1016/s0140-6736(97)11096-0,2002-01,P3Y11M
10.1097/00001574-199907000-00008,10.1016/s0140-6736(97)11096-0,1999-07,P1Y5M
10.1097/00001574-200107000-00009,10.1016/s0140-6736(97)11096-0,2001-07,P3Y5M
10.1097/00001610-200401000-00004,10.1016/s0140-6736(97)11096-0,2004-01,P5Y11M
10.4018/978-1-5225-1081-9.ch003,10.1016/s0140-6736(97)11096-0,2017,P19Y
10.4018/978-1-5225-6915-2.ch002,10.1016/s0140-6736(97)11096-0,2019,P21Y
10.1097/meg.0b013e328349d184,10.1016/s0140-6736(97)11096-0,2011-11,P13Y9M
10.1515/cam.2006.007,10.1016/s0140-6736(97)11096-0,2006-05,P8Y3M
10.1002/meet.14504701229,10.1016/s0140-6736(97)11096-0,2010-11,P12Y9M
10.1002/meet.2014.14505101102,10.1016/s0140-6736(97)11096-0,2014,P16Y
10.1080/09581596.2014.895799,10.1016/s0140-6736(97)11096-0,2014-03-17,P16Y1M
10.1080/09581596.2017.1421597,10.1016/s0140-6736(97)11096-0,2018-01-08,P19Y11M
10.1007/978-3-319-18038-0_43,10.1016/s0140-6736(97)11096-0,2015,P17Y
10.1007/978-3-319-18096-0_60,10.1016/s0140-6736(97)11096-0,2016,P18Y
10.1007/978-3-319-19036-5_12,10.1016/s0140-6736(97)11096-0,2015,P17Y
10.1108/14777260510608970,10.1016/s0140-6736(97)11096-0,2005-06,P7Y4M
10.1108/978-1-78743-813-220181009,10.1016/s0140-6736(97)11096-0,2018-10-11,P20Y8M
10.1080/09332480.2012.726555,10.1016/s0140-6736(97)11096-0,2012-09-10,P14Y7M
10.1080/0950543042000193780,10.1016/s0140-6736(97)11096-0,2004-03,P6Y1M
10.1080/10508422.2018.1531005,10.1016/s0140-6736(97)11096-0,2018-10-19,P20Y8M
10.1080/10510974.2013.855642,10.1016/s0140-6736(97)11096-0,2014-03-28,P16Y1M
10.1080/10572252.2013.816487,10.1016/s0140-6736(97)11096-0,2014-06-09,P16Y4M
10.1080/10572252.2018.1399750,10.1016/s0140-6736(97)11096-0,2017-12-21,P19Y10M
10.1148/rg.304105126,10.1016/s0140-6736(97)11096-0,2010-07,P12Y5M
10.1007/s10202-005-0002-3,10.1016/s0140-6736(97)11096-0,2005-10-14,P7Y8M
10.1002/9780470744307.gat183,10.1016/s0140-6736(97)11096-0,2009-12-15,P11Y10M
10.1007/bf02256592,10.1016/s0140-6736(97)11096-0,2002-07,P4Y5M
10.1007/s13278-015-0261-5,10.1016/s0140-6736(97)11096-0,2015-06-02,P17Y4M
10.1177/1090198119866886,10.1016/s0140-6736(97)11096-0,2019-09-06,P21Y7M
10.1111/1467-9566.00339,10.1016/s0140-6736(97)11096-0,2003-03-14,P5Y1M
10.1111/1467-9566.12114,10.1016/s0140-6736(97)11096-0,2014-01-21,P15Y11M
10.1111/1468-0009.12075,10.1016/s0140-6736(97)11096-0,2014-09,P16Y7M
10.1111/1468-2230.12082,10.1016/s0140-6736(97)11096-0,2014-07,P16Y5M
10.1111/1469-7610.00022,10.1016/s0140-6736(97)11096-0,2002-03,P4Y1M
10.1111/1742-6723.13101,10.1016/s0140-6736(97)11096-0,2018-05-06,P20Y3M
10.1111/1753-6405.12607,10.1016/s0140-6736(97)11096-0,2016-12-13,P18Y10M
10.1111/1753-6405.12720,10.1016/s0140-6736(97)11096-0,2017-09-12,P19Y7M
10.1080/08989620903328576,10.1016/s0140-6736(97)11096-0,2009-10-27,P11Y8M
10.1007/978-3-319-62543-0_9,10.1016/s0140-6736(97)11096-0,2017,P19Y
10.1007/978-3-319-63823-2_5,10.1016/s0140-6736(97)11096-0,2017-10-27,P19Y8M
10.1007/978-3-319-65266-5_35,10.1016/s0140-6736(97)11096-0,2017,P19Y
10.1007/978-3-319-66939-7_25,10.1016/s0140-6736(97)11096-0,2017-09-05,P19Y7M
10.1007/978-3-319-69350-7_1,10.1016/s0140-6736(97)11096-0,2017-10-17,P19Y8M
10.3109/08039488.2015.1074284,10.1016/s0140-6736(97)11096-0,2015-09-10,P17Y7M
10.3109/08830185.2015.1082177,10.1016/s0140-6736(97)11096-0,2015-11-25,P17Y9M
10.1177/0741932514528995,10.1016/s0140-6736(97)11096-0,2014-04-14,P16Y2M
10.1177/0741932516637198,10.1016/s0140-6736(97)11096-0,2016-07,P18Y5M
10.1177/0748233709348391,10.1016/s0140-6736(97)11096-0,2009-09-30,P11Y7M
10.1177/088307380001500701,10.1016/s0140-6736(97)11096-0,2000-07,P2Y5M
10.1177/088307380401900106,10.1016/s0140-6736(97)11096-0,2004-08,P6Y6M
10.1177/088307380401900602,10.1016/s0140-6736(97)11096-0,2004-06,P6Y4M
10.1177/0883073812465014,10.1016/s0140-6736(97)11096-0,2012-11-26,P14Y9M
10.1177/0884533608326061,10.1016/s0140-6736(97)11096-0,2008-12,P10Y10M
10.1191/0969733005ne757oa,10.1016/s0140-6736(97)11096-0,2005-01,P6Y11M
10.1192/bja.2018.56,10.1016/s0140-6736(97)11096-0,2018-10-30,P20Y8M
10.1192/bjp.176.1.20,10.1016/s0140-6736(97)11096-0,2000-01,P1Y11M
10.1007/978-1-4757-4820-8_8,10.1016/s0140-6736(97)11096-0,2004,P6Y
10.1192/pb.bp.116.054965,10.1016/s0140-6736(97)11096-0,2017-08,P19Y6M
10.1007/978-3-030-19314-0_1,10.1016/s0140-6736(97)11096-0,2019-08-23,P21Y6M
10.1007/978-3-030-19314-0_5,10.1016/s0140-6736(97)11096-0,2019-08-23,P21Y6M
10.1007/978-3-662-43447-5_3,10.1016/s0140-6736(97)11096-0,2014,P16Y
10.1371/journal.pone.0181368,10.1016/s0140-6736(97)11096-0,2017-07-13,P19Y5M
10.1007/s12529-013-9356-4,10.1016/s0140-6736(97)11096-0,2013-10-03,P15Y8M
10.1007/s12529-013-9357-3,10.1016/s0140-6736(97)11096-0,2013-10-04,P15Y8M
10.15406/ipcb.2017.02.00026,10.1016/s0140-6736(97)11096-0,2017-05-29,P19Y3M
10.1542/neo.11-8-e436,10.1016/s0140-6736(97)11096-0,2010-08,P12Y6M
10.1542/neo.6-10-e463,10.1016/s0140-6736(97)11096-0,2005-09-30,P7Y7M
10.1007/978-3-319-06796-4_1,10.1016/s0140-6736(97)11096-0,2014,P16Y
10.1371/journal.pmed.1001623,10.1016/s0140-6736(97)11096-0,2014-04-08,P16Y2M
10.1007/bf03261990,10.1016/s0140-6736(97)11096-0,2012-11,P14Y9M
10.1007/bf03379555,10.1016/s0140-6736(97)11096-0,2009-12,P11Y10M
10.1007/bf03391664,10.1016/s0140-6736(97)11096-0,2012-06,P14Y4M
10.1007/bf03391757,10.1016/s0140-6736(97)11096-0,2010-06,P12Y4M
10.1007/bf03405431,10.1016/s0140-6736(97)11096-0,2007-09,P9Y7M
10.1038/npp.2012.174,10.1016/s0140-6736(97)11096-0,2012-11-13,P14Y9M
10.1002/1097-0355(200101/04)22:1<132::aid-imhj5>3.0.co;2-9,10.1016/s0140-6736(97)11096-0,2001-01,P2Y11M
10.1007/978-3-658-02427-7_23,10.1016/s0140-6736(97)11096-0,2014,P16Y
10.1007/978-3-658-04704-7_7,10.1016/s0140-6736(97)11096-0,2015,P17Y
10.1345/aph.1d293,10.1016/s0140-6736(97)11096-0,2004-07,P6Y5M
10.1345/aph.1q318,10.1016/s0140-6736(97)11096-0,2011-09-13,P13Y7M
10.1352/1944-7558-117.3.233,10.1016/s0140-6736(97)11096-0,2012-05,P14Y3M
10.1207/s15326888chc3403_4,10.1016/s0140-6736(97)11096-0,2005-09,P7Y7M
10.1207/s15427625tcq1403_4,10.1016/s0140-6736(97)11096-0,2005-07,P7Y5M
10.1097/00004703-200604002-00002,10.1016/s0140-6736(97)11096-0,2006-04,P8Y2M
10.1097/00004703-200604002-00010,10.1016/s0140-6736(97)11096-0,2006-04,P8Y2M
10.1097/00004703-200604002-00011,10.1016/s0140-6736(97)11096-0,2006-04,P8Y2M
10.1097/00005176-199909000-00008,10.1016/s0140-6736(97)11096-0,1999-09,P1Y7M
10.1097/00005176-200205001-00004,10.1016/s0140-6736(97)11096-0,2002-05,P4Y3M
10.1097/00005176-200406001-01002,10.1016/s0140-6736(97)11096-0,2004-06,P6Y4M
10.1177/1053451217692564,10.1016/s0140-6736(97)11096-0,2017-02,P19Y0M
10.1177/1053815110366656,10.1016/s0140-6736(97)11096-0,2010-03,P12Y1M
10.1007/s00431-007-0424-0,10.1016/s0140-6736(97)11096-0,2007-03-03,P9Y1M
10.1007/s00431-008-0764-4,10.1016/s0140-6736(97)11096-0,2008-07-03,P10Y5M
10.1080/02739615.2017.1354293,10.1016/s0140-6736(97)11096-0,2017-11-13,P19Y9M
10.1080/02813430510031306,10.1016/s0140-6736(97)11096-0,2005-01,P6Y11M
10.1097/inf.0000000000001321,10.1016/s0140-6736(97)11096-0,2016-12,P18Y10M
10.1097/inf.0000000000002221,10.1016/s0140-6736(97)11096-0,2019-06,P21Y4M
10.1097/inf.0b013e3181c40a8a,10.1016/s0140-6736(97)11096-0,2010-05,P12Y3M
10.1097/inf.0b013e3181fbf5b7,10.1016/s0140-6736(97)11096-0,2011-04,P13Y2M
10.1097/lgt.0000000000000262,10.1016/s0140-6736(97)11096-0,2017-01,P18Y11M
10.1371/journal.pone.0022737,10.1016/s0140-6736(97)11096-0,2011-08-02,P13Y6M
10.1002/9781118683484.ch28,10.1016/s0140-6736(97)11096-0,2015-03-27,P17Y1M
10.1002/9781118688489.ch19,10.1016/s0140-6736(97)11096-0,2013-07-18,P15Y5M
10.1086/596476,10.1016/s0140-6736(97)11096-0,2009-02-15,P11Y0M
10.1002/9781119426981.ch3,10.1016/s0140-6736(97)11096-0,2017-07-27,P19Y5M
10.1007/s11673-014-9570-z,10.1016/s0140-6736(97)11096-0,2014-08-16,P16Y6M
10.1007/s11673-016-9760-y,10.1016/s0140-6736(97)11096-0,2016-12-14,P18Y10M
10.1007/s11689-009-9021-z,10.1016/s0140-6736(97)11096-0,2009-06,P11Y4M
10.1109/pes.2008.4596015,10.1016/s0140-6736(97)11096-0,2008-07,P10Y5M
10.1016/j.bmhimx.2015.09.007,10.1016/s0140-6736(97)11096-0,2015-09,P17Y7M
10.1016/j.rmu.2016.01.002,10.1016/s0140-6736(97)11096-0,2016-01,P17Y11M
10.1038/sj.mp.4001163,10.1016/s0140-6736(97)11096-0,2002-07-30,P4Y5M
10.1038/sj.mp.4001178,10.1016/s0140-6736(97)11096-0,2002-07-30,P4Y5M
10.1038/sj.mp.4001179,10.1016/s0140-6736(97)11096-0,2002-07-30,P4Y5M
10.1038/sj.mp.4001181,10.1016/s0140-6736(97)11096-0,2002-07-30,P4Y5M
10.1038/sj.mp.4001266,10.1016/s0140-6736(97)11096-0,2003-02,P5Y0M
10.1109/dsaa.2016.65,10.1016/s0140-6736(97)11096-0,2016-10,P18Y8M
10.1109/mtas.2003.1166561,10.1016/s0140-6736(97)11096-0,2002,P4Y
10.1109/asonam.2014.6921609,10.1016/s0140-6736(97)11096-0,2014-08,P16Y6M
10.13060/00380288.2014.50.2.75,10.1016/s0140-6736(97)11096-0,2014,P16Y
10.1093/biostatistics/kxy024,10.1016/s0140-6736(97)11096-0,2018-06-18,P20Y4M
10.1136/bmjebm-2019-111212,10.1016/s0140-6736(97)11096-0,2019-06-19,P21Y4M
10.1007/s11298-019-7341-1,10.1016/s0140-6736(97)11096-0,2019-11,P21Y9M
10.1007/978-3-030-32126-0_2,10.1016/s0140-6736(97)11096-0,2019-12-27,P21Y10M
10.5937/analipfb1803007d,10.1016/s0140-6736(97)11096-0,2018,P20Y
10.1093/tropej/fmy039,10.1016/s0140-6736(97)11096-0,2018-07-23,P20Y5M
10.1212/wnl.0000000000008000,10.1016/s0140-6736(97)11096-0,2019-07-30,P21Y5M
10.1080/10810730.2020.1723039,10.1016/s0140-6736(97)11096-0,2020-02-06,P22Y0M
10.12968/indn.2019.9.26,10.1016/s0140-6736(97)11096-0,2019-09-02,P21Y7M
10.1146/annurev-publhealth-040119-094127,10.1016/s0140-6736(97)11096-0,2020-04-02,P22Y2M
10.1136/bmj.l6487,10.1016/s0140-6736(97)11096-0,2019-11-20,P21Y9M
10.1038/35082228,10.1016/s0140-6736(97)11096-0,2001-06-21,P3Y4M
10.1001/jamanetworkopen.2019.15552,10.1016/s0140-6736(97)11096-0,2019-11-15,P21Y9M
10.1002/9781119171492.wecad226,10.1016/s0140-6736(97)11096-0,2020-01-13,P21Y11M
10.1007/978-3-658-24958-8_20,10.1016/s0140-6736(97)11096-0,2019,P21Y
10.1145/3306618.3314292,10.1016/s0140-6736(97)11096-0,2019,P21Y
10.3389/fimmu.2019.02488,10.1016/s0140-6736(97)11096-0,2019-10-18,P21Y8M
10.1017/9781316995808.034,10.1016/s0140-6736(97)11096-0,2020-04-02,P22Y2M
10.1017/9781316995808.035,10.1016/s0140-6736(97)11096-0,2020-04-02,P22Y2M
10.1371/journal.pone.0224831,10.1016/s0140-6736(97)11096-0,2019-11-08,P21Y9M
10.1093/bmb/62.1.201,10.1016/s0140-6736(97)11096-0,2002-07-01,P4Y5M
10.2471/blt.18.229138,10.1016/s0140-6736(97)11096-0,2019-08-23,P21Y6M
10.3390/vaccines7040201,10.1016/s0140-6736(97)11096-0,2019-11-29,P21Y9M
10.1373/clinchem.2016.264077,10.1016/s0140-6736(97)11096-0,2016-11-29,P18Y9M
10.1017/9781108684354.003,10.1016/s0140-6736(97)11096-0,2020-01-31,P21Y11M
10.1017/cbo9780511617553,10.1016/s0140-6736(97)11096-0,2004,P6Y
10.4000/anthropologiesante.4937,10.1016/s0140-6736(97)11096-0,2019-11-03,P21Y9M
10.15311/selcukdentj.416020,10.1016/s0140-6736(97)11096-0,2020-04-01,P22Y2M
10.1093/bjps/axy007,10.1016/s0140-6736(97)11096-0,2018-01-22,P19Y11M
10.4018/978-1-7998-1534-1.ch015,10.1016/s0140-6736(97)11096-0,2020,P22Y
10.4018/978-1-7998-1811-3.ch008,10.1016/s0140-6736(97)11096-0,2020,P22Y
10.4018/978-1-7998-1828-1.ch004,10.1016/s0140-6736(97)11096-0,2020,P22Y
10.1128/cdli.11.3.515-524.2004,10.1016/s0140-6736(97)11096-0,2004-05-01,P6Y3M
10.1007/s10100-020-00675-9,10.1016/s0140-6736(97)11096-0,2020-02-14,P22Y0M
10.1002/pra2.32,10.1016/s0140-6736(97)11096-0,2019-01,P20Y11M
10.1007/s00134-019-05862-0,10.1016/s0140-6736(97)11096-0,2019-11-26,P21Y9M
10.22625/2072-6732-2020-12-1-23-34,10.1016/s0140-6736(97)11096-0,2020-03-21,P22Y1M
10.1002/9781119413431.ch20,10.1016/s0140-6736(97)11096-0,2019-10-18,P21Y8M
10.1177/0009922819901004,10.1016/s0140-6736(97)11096-0,2020-01-22,P21Y11M
10.1007/978-3-030-28513-5_4,10.1016/s0140-6736(97)11096-0,2020,P22Y
10.1007/978-3-030-28513-5_7,10.1016/s0140-6736(97)11096-0,2020,P22Y
10.1007/978-3-030-28626-2_6,10.1016/s0140-6736(97)11096-0,2019,P21Y
10.3389/fmicb.2020.00372,10.1016/s0140-6736(97)11096-0,2020-03-17,P22Y1M
10.1111/apa.15122,10.1016/s0140-6736(97)11096-0,2019-12-26,P21Y10M
10.1007/s00508-020-01655-4,10.1016/s0140-6736(97)11096-0,2020-04-22,P22Y2M
10.1080/00948705.2020.1750960,10.1016/s0140-6736(97)11096-0,2020-04-15,P22Y2M
10.11604/pamj.supp.2020.35.1.18508,10.1016/s0140-6736(97)11096-0,2020,P22Y
10.1128/cmr.14.4.872-908.2001,10.1016/s0140-6736(97)11096-0,2001-10-01,P3Y8M
10.1038/s41390-020-0984-5,10.1016/s0140-6736(97)11096-0,2020-05-26,P22Y3M
10.3390/ijerph17103464,10.1016/s0140-6736(97)11096-0,2020-05-15,P22Y3M
10.35232/estudamhsd.684075,10.1016/s0140-6736(97)11096-0,2020-05-20,P22Y3M
10.1007/978-1-4614-6435-8_1641-3,10.1016/s0140-6736(97)11096-0,2020,P22Y
10.1136/postgradmedj-2020-137620,10.1016/s0140-6736(97)11096-0,2020-03-04,P22Y1M
10.1177/0963662520921537,10.1016/s0140-6736(97)11096-0,2020-05,P22Y3M
10.1002/14651858.cd004407.pub4,10.1016/s0140-6736(97)11096-0,2020-04-20,P22Y2M
10.1108/he-12-2019-0061,10.1016/s0140-6736(97)11096-0,2020-04-06,P22Y2M
10.1007/s40506-020-00219-4,10.1016/s0140-6736(97)11096-0,2020-05-15,P22Y3M
10.1101/2020.04.08.031765,10.1016/s0140-6736(97)11096-0,2020-04-09,P22Y2M
10.1080/09687599.2020.1751073,10.1016/s0140-6736(97)11096-0,2020-05-13,P22Y3M
10.1093/eurpub/ckaa069,10.1016/s0140-6736(97)11096-0,2020-05-03,P22Y3M
10.1007/978-3-030-44018-3_4,10.1016/s0140-6736(97)11096-0,2020,P22Y
10.1136/bmjopen-2018-025866,10.1016/s0140-6736(97)11096-0,2019-03,P21Y1M
10.1136/bmjopen-2018-028228,10.1016/s0140-6736(97)11096-0,2019-07,P21Y5M
10.1007/s10654-020-00632-5,10.1016/s0140-6736(97)11096-0,2020-04-24,P22Y2M
10.1128/mmbr.00007-10,10.1016/s0140-6736(97)11096-0,2010-08-30,P12Y6M
10.1080/17538068.2020.1793288,10.1016/s0140-6736(97)11096-0,2020-07-21,P22Y5M
10.1080/10410236.2020.1771119,10.1016/s0140-6736(97)11096-0,2020-06-10,P22Y4M
10.1080/10410236.2020.1773705,10.1016/s0140-6736(97)11096-0,2020-06-22,P22Y4M
10.1177/1044389420913415,10.1016/s0140-6736(97)11096-0,2020-06-29,P22Y4M
10.1177/000313481107700711,10.1016/s0140-6736(97)11096-0,2011-07,P13Y5M
10.1097/mop.0000000000000929,10.1016/s0140-6736(97)11096-0,2020-08,P22Y6M
10.1097/mop.0000000000000929,10.1001/archpediatrics.2009.42,2020-08,P11Y3M
10.1097/mop.0000000000000929,10.1001/archpedi.158.6.569,2020-08,P16Y2M
10.1097/mop.0000000000000929,10.1001/jamapediatrics.2017.1695,2020-08,P2Y11M
10.1097/mop.0000000000000929,10.1001/jamapediatrics.2017.1868,2020-08,P2Y11M
10.1097/mop.0000000000000929,10.1001/jamapediatrics.2018.0016,2020-08,P2Y3M
10.1097/mop.0000000000000929,10.1001/jama.2018.0708,2020-08,P2Y5M
10.1097/mop.0000000000000929,10.1001/jama.296.14.1757,2020-08,P13Y10M
10.1097/mop.0000000000000929,10.1002/ajmg.1320270104,2020-08,P33Y3M
10.1097/mop.0000000000000929,10.1007/s10979-009-9201-0,2020-08,P10Y
10.1097/mop.0000000000000929,10.1016/j.acap.2015.06.007,2020-08,P4Y7M
10.1097/mop.0000000000000929,10.1016/j.acap.2017.03.001,2020-08,P3Y1M
10.1097/mop.0000000000000929,10.1016/j.amepre.2010.12.025,2020-08,P9Y3M
10.1097/mop.0000000000000929,10.1016/j.amepre.2015.06.009,2020-08,P4Y8M
10.1097/mop.0000000000000929,10.1016/j.jclinepi.2005.09.002,2020-08,P14Y9M
10.1097/mop.0000000000000929,10.1016/j.vaccine.2010.04.052,2020-08,P10Y2M
10.1097/mop.0000000000000929,10.1016/j.vaccine.2009.12.022,2020-08,P10Y6M
10.1097/mop.0000000000000929,10.1016/j.vaccine.2013.07.013,2020-08,P6Y11M
10.1097/mop.0000000000000929,10.1016/j.vaccine.2014.01.081,2020-08,P6Y4M
10.1097/mop.0000000000000929,10.1016/j.vaccine.2015.04.040,2020-08,P5Y0M
10.1097/mop.0000000000000929,10.1016/j.vaccine.2016.10.048,2020-08,P3Y8M
10.1097/mop.0000000000000929,10.1016/j.vaccine.2017.03.077,2020-08,P3Y3M
10.1097/mop.0000000000000929,10.1016/j.vaccine.2017.08.036,2020-08,P2Y11M
10.1097/mop.0000000000000929,10.1016/j.vaccine.2018.06.013,2020-08,P2Y1M
10.1097/mop.0000000000000929,10.1016/j.ypmed.2013.03.003,2020-08,P7Y2M
10.1097/mop.0000000000000929,10.1016/s1473-3099(16)00004-9,2020-08,P4Y3M
10.1097/mop.0000000000000929,10.1037/adb0000318,2020-08,P2Y8M
10.1097/mop.0000000000000929,10.1038/d41586-019-02232-0,2020-08,P1Y1M
10.1097/mop.0000000000000929,10.1056/nejmoa060775,2020-08,P14Y0M
10.1097/mop.0000000000000929,10.1056/nejmp1010594,2020-08,P9Y7M
10.1097/mop.0000000000000929,10.1056/nejmp1508701,2020-08,P5Y0M
10.1097/mop.0000000000000929,10.1056/nejmsa0806477,2020-08,P11Y3M
10.1097/mop.0000000000000929,10.1080/10810730.2018.1442530,2020-08,P2Y6M
10.1097/mop.0000000000000929,10.1080/15534510500181459,2020-08,P14Y5M
10.1097/mop.0000000000000929,10.1080/21645515.2016.1221553,2020-08,P4Y0M
10.1097/mop.0000000000000929,10.1080/21645515.2018.1549451,2020-08,P1Y7M
10.1097/mop.0000000000000929,10.1086/426605,2020-08,P15Y5M
10.1097/mop.0000000000000929,10.1086/596476,2020-08,P11Y6M
10.1097/mop.0000000000000929,10.1097/aog.0000000000003005,2020-08,P1Y7M
10.1097/mop.0000000000000929,10.1097/inf.0000000000000873,2020-08,P4Y9M
10.1097/mop.0000000000000929,10.1111/j.1467-9280.2007.01917.x,2020-08,P13Y3M
10.1097/mop.0000000000000929,10.1158/1055-9965.epi-15-0326,2020-08,P4Y10M
10.1097/mop.0000000000000929,10.1177/0009922818817828,2020-08,P1Y8M
10.1097/mop.0000000000000929,10.1177/003335491012500408,2020-08,P10Y1M
10.1097/mop.0000000000000929,10.1177/00333549111260s215,2020-08,P9Y1M
10.1097/mop.0000000000000929,10.1177/1049732318782164,2020-08,P2Y2M
10.1097/mop.0000000000000929,10.1177/1090198118819716,2020-08,P1Y7M
10.1097/mop.0000000000000929,10.1177/1359105309353647,2020-08,P10Y5M
10.1097/mop.0000000000000929,10.1177/1362361315585310,2020-08,P5Y3M
10.1097/mop.0000000000000929,10.1177/1524839917697303,2020-08,P3Y4M
10.1097/mop.0000000000000929,10.1177/1529100612451018,2020-08,P7Y11M
10.1097/mop.0000000000000929,10.1177/1529100618760521,2020-08,P2Y8M
10.1097/mop.0000000000000929,10.1186/s13012-018-0743-8,2020-08,P2Y4M
10.1097/mop.0000000000000929,10.1215/03616878-1496047,2020-08,P8Y10M
10.1097/mop.0000000000000929,10.1352/1944-7558-117.3.233,2020-08,P8Y3M
10.1097/mop.0000000000000929,10.1371/journal.pone.0089177,2020-08,P6Y6M
10.1097/mop.0000000000000929,10.1371/journal.pone.0159087,2020-08,P4Y1M
10.1097/mop.0000000000000929,10.1377/hlthaff.2013.0239,2020-08,P7Y1M
10.1097/mop.0000000000000929,10.1377/hlthaff.2015.1093,2020-08,P4Y6M
10.1097/mop.0000000000000929,10.1542/peds.2005-1728,2020-08,P14Y3M
10.1097/mop.0000000000000929,10.1542/peds.2007-0538,2020-08,P11Y10M
10.1097/mop.0000000000000929,10.1542/peds.2010-1722n,2020-08,P9Y4M
10.1097/mop.0000000000000929,10.1542/peds.2010-1722p,2020-08,P9Y4M
10.1097/mop.0000000000000929,10.1542/peds.2013-0698,2020-08,P6Y5M
10.1097/mop.0000000000000929,10.1542/peds.2013-2037,2020-08,P6Y9M
10.1097/mop.0000000000000929,10.1542/peds.2013-2365,2020-08,P6Y5M
10.1097/mop.0000000000000929,10.1542/peds.2014-3474,2020-08,P5Y5M
10.1097/mop.0000000000000929,10.1542/peds.2016-1537,2020-08,P3Y11M
10.1097/mop.0000000000000929,10.1542/peds.2016-1764,2020-08,P3Y8M
10.1097/mop.0000000000000929,10.1542/peds.2016-2146,2020-08,P4Y0M
10.1097/mop.0000000000000929,10.1542/peds.2017-2364,2020-08,P2Y8M
10.1097/mop.0000000000000929,10.1542/peds.2018-1051,2020-08,P1Y10M
10.1097/mop.0000000000000929,10.15585/mmwr.mm6539a3,2020-08,P3Y10M
10.1097/mop.0000000000000929,10.3389/fpsyg.2016.01483,2020-08,P3Y11M
10.1097/mop.0000000000000929,10.4161/hv.24657,2020-08,P7Y0M
10.1097/mop.0000000000000929,10.5993/ajhb.29.1.7,2020-08,P15Y
10.3389/fpsyg.2016.01483,10.1002/14651858.cd006748.pub2,2016-09-30,P7Y2M22D
10.3389/fpsyg.2016.01483,10.1002/ijop.12042,2016-09-30,P2Y7M6D
10.3389/fpsyg.2016.01483,10.1007/s10979-009-9201-0,2016-09-30,P6Y
10.3389/fpsyg.2016.01483,10.1016/j.jclinepi.2005.09.002,2016-09-30,P10Y10M
10.3389/fpsyg.2016.01483,10.1016/j.vaccine.2010.04.052,2016-09-30,P6Y3M
10.3389/fpsyg.2016.01483,10.1016/j.vaccine.2009.12.022,2016-09-30,P6Y7M
10.3389/fpsyg.2016.01483,10.1016/j.vaccine.2013.07.013,2016-09-30,P3Y0M
10.3389/fpsyg.2016.01483,10.1016/j.vaccine.2014.01.081,2016-09-30,P2Y5M
10.3389/fpsyg.2016.01483,10.1016/j.vaccine.2015.04.036,2016-09-30,P1Y1M
10.3389/fpsyg.2016.01483,10.1016/j.vaccine.2015.04.040,2016-09-30,P1Y1M
10.3389/fpsyg.2016.01483,10.1016/j.vaccine.2015.04.041,2016-09-30,P1Y1M
10.3389/fpsyg.2016.01483,10.1016/j.vaccine.2015.09.092,2016-09-30,P0Y10M
10.3389/fpsyg.2016.01483,10.1016/s0065-2601(06)39003-x,2016-09-30,P9Y
10.3389/fpsyg.2016.01483,10.1016/s0079-7421(08)00410-6,2016-09-30,P7Y
10.3389/fpsyg.2016.01483,10.1016/s1364-6613(03)00135-9,2016-09-30,P13Y2M
10.3389/fpsyg.2016.01483,10.1037/0022-3514.37.11.2098,2016-09-30,P37Y
10.3389/fpsyg.2016.01483,10.1037/0022-3514.58.6.1015,2016-09-30,P26Y
10.3389/fpsyg.2016.01483,10.1037/0022-3514.63.4.568,2016-09-30,P24Y
10.3389/fpsyg.2016.01483,10.1037/0022-3514.85.5.808,2016-09-30,P13Y
10.3389/fpsyg.2016.01483,10.1037/0278-6133.26.4.437,2016-09-30,P9Y
10.3389/fpsyg.2016.01483,10.1037/a0039729,2016-09-30,P1Y
10.3389/fpsyg.2016.01483,10.1038/463296a,2016-09-30,P6Y8M
10.3389/fpsyg.2016.01483,10.1073/pnas.0701768104,2016-09-30,P9Y5M5D
10.3389/fpsyg.2016.01483,10.1080/08870440802530798,2016-09-30,P6Y6M
10.3389/fpsyg.2016.01483,10.1080/15534510500181459,2016-09-30,P10Y6M
10.3389/fpsyg.2016.01483,10.1080/17437199.2012.703527,2016-09-30,P3Y4M
10.3389/fpsyg.2016.01483,10.1086/426605,2016-09-30,P11Y6M
10.3389/fpsyg.2016.01483,10.1093/aje/kwn263,2016-09-30,P7Y11M8D
10.3389/fpsyg.2016.01483,10.1093/eurpub/ckv154,2016-09-30,P1Y1M9D
10.3389/fpsyg.2016.01483,10.1098/rstb.2011.0262,2016-09-30,P4Y6M25D
10.3389/fpsyg.2016.01483,10.1111/1467-8721.01242,2016-09-30,P13Y1M
10.3389/fpsyg.2016.01483,10.1111/j.1467-9280.2007.01917.x,2016-09-30,P9Y4M
10.3389/fpsyg.2016.01483,10.1146/annurev.psych.53.100901.135228,2016-09-30,P14Y7M
10.3389/fpsyg.2016.01483,10.1177/01461672002611003,2016-09-30,P15Y10M
10.3389/fpsyg.2016.01483,10.1177/0146167214551152,2016-09-30,P1Y11M24D
10.3389/fpsyg.2016.01483,10.1177/0956797612449177,2016-09-30,P3Y9M20D
10.3389/fpsyg.2016.01483,10.1177/109019810002700506,2016-09-30,P15Y11M
10.3389/fpsyg.2016.01483,10.1177/1359105309353647,2016-09-30,P6Y6M4D
10.3389/fpsyg.2016.01483,10.1177/1529100612451018,2016-09-30,P4Y0M13D
10.3389/fpsyg.2016.01483,10.1177/2372732215600716,2016-09-30,P0Y11M
10.3389/fpsyg.2016.01483,10.1257/000282803322655392,2016-09-30,P12Y10M
10.3389/fpsyg.2016.01483,10.1371/journal.pone.0089177,2016-09-30,P2Y7M10D
10.3389/fpsyg.2016.01483,10.1542/peds.2013-2365,2016-09-30,P2Y6M27D
10.3389/fpsyg.2016.01483,10.17061/phrp2521515,2016-09-30,P1Y6M
10.3389/fpsyg.2016.01483,10.2307/1914185,2016-09-30,P37Y6M
10.3389/fpsyg.2016.01483,10.4161/hv.24657,2016-09-30,P3Y1M22D
10.3389/fpsyg.2016.01483,10.4324/9780203505984-16,2016-09-30,P12Y8M21D
10.1136/bmj.l2144,10.3389/fpsyg.2016.01483,2019-05-13,P2Y7M13D
10.1080/10810730.2018.1442530,10.3389/fpsyg.2016.01483,2018-02-23,P1Y4M24D
10.35232/estudamhsd.525983,10.3389/fpsyg.2016.01483,2019-05-15,P2Y7M15D
10.1111/padm.12557,10.3389/fpsyg.2016.01483,2018-12-27,P2Y2M27D
10.1093/eurpub/ckz160,10.3389/fpsyg.2016.01483,2019,P3Y
10.1007/s10339-020-00974-8,10.3389/fpsyg.2016.01483,2020-04-24,P3Y6M25D
10.2105/ajph.2020.305906,10.3389/fpsyg.2016.01483,2020-10,P4Y1M
10.1093/ofid/ofx146,10.3389/fpsyg.2016.01483,2017,P1Y
10.1097/sap.0000000000000450,10.1177/000313481107700711,2015-06,P3Y11M
10.1177/000313481107700711,10.1001/jama.283.3.373,2011-07,P11Y6M
10.1177/000313481107700711,10.1001/jama.291.20.2457,2011-07,P7Y2M
10.1177/000313481107700711,10.1001/jama.294.2.218,2011-07,P6Y0M
10.1177/000313481107700711,10.1001/jama.299.6.665,2011-07,P3Y5M
10.1177/000313481107700711,10.1016/j.surg.2010.03.014,2011-07,P1Y2M
10.1177/000313481107700711,10.1017/cbo9780511610332.006,2011-07,P6Y
10.1177/000313481107700711,10.1023/b:sore.0000027409.88372.b4,2011-07,P7Y1M
10.1177/000313481107700711,10.1037/0022-3514.63.4.568,2011-07,P19Y
10.1177/000313481107700711,10.1056/nejm200004273421711,2011-07,P11Y3M
10.1177/000313481107700711,10.1080/15265161.2010.519226,2011-07,P0Y9M
10.1177/000313481107700711,10.1093/acprof:oso/9780195300048.001.0001,2011-07,P5Y9M
10.1177/000313481107700711,10.1097/mcc.0b013e328332f53a,2011-07,P1Y7M
10.1177/000313481107700711,10.1111/j.1553-2712.2009.00460.x,2011-07,P1Y11M
10.1177/000313481107700711,10.1136/bmj.c5258,2011-07,P0Y6M
10.1177/000313481107700711,10.1136/bmj.c5347,2011-07,P0Y6M
10.1177/000313481107700711,10.1136/bmj.c7001,2011-07,P0Y6M
10.1177/000313481107700711,10.1136/jme.2008.026740,2011-07,P2Y4M
10.1177/000313481107700711,10.1146/annurev.neuro.29.051605.112903,2011-07,P5Y0M
10.1177/000313481107700711,10.1212/wnl.0b013e3181e398e8,2011-07,P1Y1M
10.1177/000313481107700711,10.1523/jneurosci.4335-06.2007,2011-07,P4Y2M
10.1177/000313481107700711,10.2106/jbjs.i.01164,2011-07,P1Y4M
10.1007/s40506-020-00219-4,10.1001/jama.1990.03440120101046,2020-05-15,P30Y1M22D
10.1007/s40506-020-00219-4,10.1001/jama.298.18.2155,2020-05-15,P12Y6M1D
10.1007/s40506-020-00219-4,10.1007/s10067-017-3748-9,2020-05-15,P2Y9M20D
10.1007/s40506-020-00219-4,10.1007/s12026-014-8567-3,2020-05-15,P5Y6M6D
10.1007/s40506-020-00219-4,10.1016/j.jaci.2011.09.007,2020-05-15,P8Y3M
10.1007/s40506-020-00219-4,10.1016/j.jaip.2017.06.033,2020-05-15,P2Y6M
10.1007/s40506-020-00219-4,10.1016/j.vaccine.2014.04.085,2020-05-15,P5Y11M
10.1007/s40506-020-00219-4,10.1016/s0140-6736(04)15715-2,2020-05-15,P16Y2M
10.1007/s40506-020-00219-4,10.1016/s0140-6736(04)17020-7,2020-05-15,P15Y8M
10.1007/s40506-020-00219-4,10.1016/s0264-410x(99)00306-0,2020-05-15,P20Y7M
10.1007/s40506-020-00219-4,10.1016/s1473-3099(19)30642-5,2020-05-15,P0Y5M
10.1007/s40506-020-00219-4,10.1016/s1474-4422(06)70446-x,2020-05-15,P13Y11M
10.1007/s40506-020-00219-4,10.1038/s41590-019-0488-9,2020-05-15,P0Y8M13D
10.1007/s40506-020-00219-4,10.1056/nejmoa021134,2020-05-15,P17Y6M8D
10.1007/s40506-020-00219-4,10.1056/nejmoa1506223,2020-05-15,P4Y7M21D
10.1007/s40506-020-00219-4,10.1056/nejmoa1800820,2020-05-15,P1Y9M19D
10.1007/s40506-020-00219-4,10.1056/nejmp1804094,2020-05-15,P1Y9M19D
10.1007/s40506-020-00219-4,10.1056/nejmsa0806477,2020-05-15,P11Y0M8D
10.1007/s40506-020-00219-4,10.1080/21645515.2018.1445448,2020-05-15,P2Y0M1D
10.1007/s40506-020-00219-4,10.1080/21645515.2018.1551674,2020-05-15,P1Y5M4D
10.1007/s40506-020-00219-4,10.1086/315535,2020-05-15,P20Y3M
10.1007/s40506-020-00219-4,10.1093/clinids/14.3.708,2020-05-15,P28Y2M14D
10.1007/s40506-020-00219-4,10.1097/00006454-198704000-00005,2020-05-15,P33Y1M
10.1007/s40506-020-00219-4,10.1111/j.1469-0691.1996.tb00207.x,2020-05-15,P23Y9M
10.1007/s40506-020-00219-4,10.1126/science.aao2998,2020-05-15,P2Y2M7D
10.1007/s40506-020-00219-4,10.1126/science.aap9559,2020-05-15,P2Y2M7D
10.1007/s40506-020-00219-4,10.1126/science.aay6485,2020-05-15,P0Y6M15D
10.1007/s40506-020-00219-4,10.1126/sciimmunol.aay6125,2020-05-15,P0Y6M15D
10.1007/s40506-020-00219-4,10.1128/mmbr.47.4.455-509.1983,2020-05-15,P37Y
10.1007/s40506-020-00219-4,10.1136/adc.49.1.46,2020-05-15,P46Y
10.1007/s40506-020-00219-4,10.1136/bmj.282.6276.1595,2020-05-15,P38Y11M29D
10.1007/s40506-020-00219-4,10.1136/bmj.2.5087.24,2020-05-15,P61Y10M10D
10.1007/s40506-020-00219-4,10.1136/bmj.c5258,2020-05-15,P9Y4M4D
10.1007/s40506-020-00219-4,10.1177/0961203311429318,2020-05-15,P8Y4M5D
10.1007/s40506-020-00219-4,10.1542/peds.2019-1791,2020-05-15,P0Y5M27D
10.1007/s40506-020-00219-4,10.7326/m18-2101,2020-05-15,P1Y2M10D
10.1177/1010539520950576,10.1007/s40506-020-00219-4,2020-09,P0Y4M
10.1007/s00134-019-05862-0,10.1001/jamapediatrics.2017.1695,2019-11-26,P2Y2M25D
10.1007/s00134-019-05862-0,10.1001/jama.1992.03480090085032,2019-11-26,P27Y8M22D
10.1007/s00134-019-05862-0,10.1001/jama.2016.1353,2019-11-26,P3Y8M11D
10.1007/s00134-019-05862-0,10.1001/jama.282.7.677,2019-11-26,P20Y3M8D
10.1007/s00134-019-05862-0,10.1007/s00134-011-2235-z,2019-11-26,P8Y6M1D
10.1007/s00134-019-05862-0,10.1007/s00430-010-0152-3,2019-11-26,P9Y7M18D
10.1007/s00134-019-05862-0,10.1007/s12325-014-0157-1,2019-11-26,P5Y1M
10.1007/s00134-019-05862-0,10.1016/0264-410x(94)90315-8,2019-11-26,P25Y6M
10.1007/s00134-019-05862-0,10.1016/b978-0-323-35761-6.00023-7,2019-11-26,P1Y
10.1007/s00134-019-05862-0,10.1016/b978-0-323-35761-6.00031-6,2019-11-26,P1Y
10.1007/s00134-019-05862-0,10.1016/b978-0-323-35761-6.00037-7,2019-11-26,P1Y
10.1007/s00134-019-05862-0,10.1016/b978-0-323-35761-6.00039-0,2019-11-26,P1Y
10.1007/s00134-019-05862-0,10.1016/b978-0-323-35761-6.00043-2,2019-11-26,P1Y
10.1007/s00134-019-05862-0,10.1016/b978-0-323-35761-6.00045-6,2019-11-26,P1Y
10.1007/s00134-019-05862-0,10.1016/b978-0-323-35761-6.00046-8,2019-11-26,P1Y
10.1007/s00134-019-05862-0,10.1016/b978-0-323-35761-6.00063-8,2019-11-26,P1Y
10.1007/s00134-019-05862-0,10.1016/j.clinthera.2017.07.003,2019-11-26,P2Y3M
10.1007/s00134-019-05862-0,10.1016/j.jhin.2016.07.003,2019-11-26,P3Y1M
10.1007/s00134-019-05862-0,10.1016/j.jhin.2018.08.001,2019-11-26,P0Y11M
10.1007/s00134-019-05862-0,10.1016/j.jinf.2016.01.011,2019-11-26,P3Y7M
10.1007/s00134-019-05862-0,10.1016/j.jvacx.2019.100036,2019-11-26,P0Y3M
10.1007/s00134-019-05862-0,10.1016/j.mayocp.2015.09.006,2019-11-26,P4Y0M
10.1007/s00134-019-05862-0,10.1016/j.vaccine.2010.07.028,2019-11-26,P9Y1M
10.1007/s00134-019-05862-0,10.1016/j.vaccine.2007.06.004,2019-11-26,P12Y3M
10.1007/s00134-019-05862-0,10.1016/j.vaccine.2011.12.032,2019-11-26,P7Y6M
10.1007/s00134-019-05862-0,10.1016/j.vaccine.2012.10.089,2019-11-26,P6Y8M
10.1007/s00134-019-05862-0,10.1016/j.vaccine.2013.04.085,2019-11-26,P6Y3M
10.1007/s00134-019-05862-0,10.1016/j.vaccine.2015.05.102,2019-11-26,P4Y0M
10.1007/s00134-019-05862-0,10.1016/j.vaccine.2018.10.005,2019-11-26,P0Y11M
10.1007/s00134-019-05862-0,10.1016/j.ygyno.2017.04.004,2019-11-26,P2Y4M
10.1007/s00134-019-05862-0,10.1016/s0140-6736(00)03594-7,2019-11-26,P18Y10M
10.1007/s00134-019-05862-0,10.1016/s0140-6736(05)66550-6,2019-11-26,P14Y4M
10.1007/s00134-019-05862-0,10.1016/s0140-6736(09)61203-4,2019-11-26,P10Y2M
10.1007/s00134-019-05862-0,10.1016/s0140-6736(10)60175-4,2019-11-26,P9Y9M
10.1007/s00134-019-05862-0,10.1016/s0140-6736(10)62352-5,2019-11-26,P7Y10M
10.1007/s00134-019-05862-0,10.1016/s0140-6736(12)60436-x,2019-11-26,P7Y5M
10.1007/s00134-019-05862-0,10.1016/s0140-6736(12)61728-0,2019-11-26,P6Y11M
10.1007/s00134-019-05862-0,10.1016/s0140-6736(14)60844-8,2019-11-26,P5Y2M
10.1007/s00134-019-05862-0,10.1016/s0140-6736(16)31921-3,2019-11-26,P2Y11M
10.1007/s00134-019-05862-0,10.1016/s0140-6736(16)32621-6,2019-11-26,P2Y9M
10.1007/s00134-019-05862-0,10.1016/s2352-4642(18)30103-2,2019-11-26,P1Y5M
10.1007/s00134-019-05862-0,10.1038/nri3552,2019-11-26,P6Y0M11D
10.1007/s00134-019-05862-0,10.1056/nejmoa1408544,2019-11-26,P4Y8M7D
10.1007/s00134-019-05862-0,10.1056/nejmoa1501184,2019-11-26,P4Y5M29D
10.1007/s00134-019-05862-0,10.1056/nejmoa1502924,2019-11-26,P3Y6M29D
10.1007/s00134-019-05862-0,10.1056/nejmoa1603800,2019-11-26,P3Y2M11D
10.1007/s00134-019-05862-0,10.1056/nejmoa1710430,2019-11-26,P0Y3M25D
10.1007/s00134-019-05862-0,10.1056/nejmp1209051,2019-11-26,P7Y2M27D
10.1007/s00134-019-05862-0,10.1056/nejmsr1904253,2019-11-26,P0Y4M1D
10.1007/s00134-019-05862-0,10.1073/pnas.1721095115,2019-11-26,P0Y11M9D
10.1007/s00134-019-05862-0,10.1080/14760584.2019.1639502,2019-11-26,P0Y4M23D
10.1007/s00134-019-05862-0,10.1080/14767058.2017.1406475,2019-11-26,P1Y11M23D
10.1007/s00134-019-05862-0,10.1080/1744666x.2019.1562336,2019-11-26,P0Y10M19D
10.1007/s00134-019-05862-0,10.1080/20477724.2016.1195072,2019-11-26,P3Y5M10D
10.1007/s00134-019-05862-0,10.1080/21645515.2015.1074358,2019-11-26,P4Y3M6D
10.1007/s00134-019-05862-0,10.1080/21645515.2015.1108500,2019-11-26,P4Y0M6D
10.1007/s00134-019-05862-0,10.1080/21645515.2017.1348442,2019-11-26,P2Y1M6D
10.1007/s00134-019-05862-0,10.1080/21645515.2017.1412020,2019-11-26,P1Y10M10D
10.1007/s00134-019-05862-0,10.1086/377712,2019-11-26,P15Y6M25D
10.1007/s00134-019-05862-0,10.1093/cid/cit816,2019-11-26,P5Y9M25D
10.1007/s00134-019-05862-0,10.1093/cid/ciw027,2019-11-26,P3Y10M6D
10.1007/s00134-019-05862-0,10.1093/cid/ciw530,2019-11-26,P3Y0M14D
10.1007/s00134-019-05862-0,10.1093/cid/cix046,2019-11-26,P2Y8M12D
10.1007/s00134-019-05862-0,10.1093/oxfordjournals.aje.a010145,2019-11-26,P19Y5M25D
10.1007/s00134-019-05862-0,10.1097/00006454-199902000-00002,2019-11-26,P20Y9M
10.1007/s00134-019-05862-0,10.1097/01.inf.0000258699.64164.6d,2019-11-26,P12Y7M
10.1007/s00134-019-05862-0,10.1097/ccm.0000000000000545,2019-11-26,P5Y0M
10.1007/s00134-019-05862-0,10.1097/inf.0b013e31818a65d2,2019-11-26,P10Y8M
10.1007/s00134-019-05862-0,10.1097/mcc.0000000000000338,2019-11-26,P3Y1M
10.1007/s00134-019-05862-0,10.1097/pcc.0000000000000851,2019-11-26,P3Y3M
10.1007/s00134-019-05862-0,10.1097/qco.0b013e3283531b0f,2019-11-26,P7Y5M
10.1007/s00134-019-05862-0,10.1111/1469-0691.12461,2019-11-26,P5Y6M
10.1007/s00134-019-05862-0,10.1111/jocn.13916,2019-11-26,P2Y3M20D
10.1007/s00134-019-05862-0,10.1111/j.1469-0691.2009.02918.x,2019-11-26,P10Y0M
10.1007/s00134-019-05862-0,10.1111/j.1469-0691.2012.03938.x,2019-11-26,P7Y1M
10.1007/s00134-019-05862-0,10.1111/j.1524-4733.2009.00562.x,2019-11-26,P10Y2M
10.1007/s00134-019-05862-0,10.1111/petr.13571,2019-11-26,P0Y2M17D
10.1007/s00134-019-05862-0,10.1128/cmr.00024-15,2019-11-26,P4Y5M9D
10.1007/s00134-019-05862-0,10.1128/cmr.13.2.302,2019-11-26,P19Y7M25D
10.1007/s00134-019-05862-0,10.1136/bmj.324.7334.393,2019-11-26,P17Y9M10D
10.1007/s00134-019-05862-0,10.1136/bmj.39058.361620.be,2019-11-26,P12Y11M12D
10.1007/s00134-019-05862-0,10.1136/bmj.c5347,2019-11-26,P8Y10M21D
10.1007/s00134-019-05862-0,10.1136/jech-2011-200168,2019-11-26,P7Y7M20D
10.1007/s00134-019-05862-0,10.1136/thx.2009.129502,2019-11-26,P9Y3M6D
10.1007/s00134-019-05862-0,10.1172/jci13603,2019-11-26,P16Y8M11D
10.1007/s00134-019-05862-0,10.1172/jci.insight.98960,2019-11-26,P1Y8M18D
10.1007/s00134-019-05862-0,10.1186/s12889-017-4111-4,2019-11-26,P2Y9M18D
10.1007/s00134-019-05862-0,10.1371/journal.pmed.0040336,2019-11-26,P11Y11M30D
10.1007/s00134-019-05862-0,10.14309/ajg.0000000000000289,2019-11-26,P0Y4M
10.1007/s00134-019-05862-0,10.1542/peds.2013-0698,2019-11-26,P5Y8M23D
10.1007/s00134-019-05862-0,10.15585/mmwr.mm6745a2,2019-11-26,P1Y0M10D
10.1007/s00134-019-05862-0,10.15585/mmwr.mm6817e1,2019-11-26,P0Y6M23D
10.1007/s00134-019-05862-0,10.15585/mmwr.mm6833a4,2019-11-26,P0Y3M3D
10.1007/s00134-019-05862-0,10.2807/1560-7917.es2015.20.1.20998,2019-11-26,P4Y10M18D
10.1007/s00134-019-05862-0,10.2807/1560-7917.es.2019.24.26.1900376,2019-11-26,P0Y4M30D
10.1007/s00134-019-05862-0,10.3389/fimmu.2018.02532,2019-11-26,P1Y0M26D
10.1007/s00134-019-05862-0,10.3389/fimmu.2019.01344,2019-11-26,P0Y4M23D
10.3390/vaccines7040201,10.1016/j.ebiom.2016.08.042,2019-11-29,P3Y1M
10.3390/vaccines7040201,10.1016/j.jhin.2016.07.003,2019-11-29,P3Y1M
10.3390/vaccines7040201,10.1016/j.pec.2011.02.022,2019-11-29,P7Y11M
10.3390/vaccines7040201,10.1016/j.vaccine.2015.04.036,2019-11-29,P4Y3M
10.3390/vaccines7040201,10.1016/j.vaccine.2016.10.042,2019-11-29,P2Y11M
10.3390/vaccines7040201,10.1016/j.vaccine.2016.08.029,2019-11-29,P3Y2M
10.3390/vaccines7040201,10.1016/s0749-3797(02)00438-5,2019-11-29,P17Y4M
10.3390/vaccines7040201,10.1016/s1473-3099(13)70108-7,2019-11-29,P6Y4M
10.3390/vaccines7040201,10.1027/2151-2604/a000222,2019-11-29,P4Y1M
10.3390/vaccines7040201,10.1080/10410231003775172,2019-11-29,P9Y6M1D
10.3390/vaccines7040201,10.1080/21645515.2017.1348442,2019-11-29,P2Y1M9D
10.3390/vaccines7040201,10.1086/504503,2019-11-29,P13Y5M
10.3390/vaccines7040201,10.1093/eurpub/ckv154,2019-11-29,P4Y3M8D
10.3390/vaccines7040201,10.1093/ofid/ofz096,2019-11-29,P0Y7M28D
10.3390/vaccines7040201,10.1111/irv.12002,2019-11-29,P7Y2M11D
10.3390/vaccines7040201,10.1136/oemed-2011-100134,2019-11-29,P7Y11M14D
10.3390/vaccines7040201,10.1177/2372732215600716,2019-11-29,P4Y1M
10.3390/vaccines7040201,10.1186/1471-2458-13-154,2019-11-29,P6Y9M10D
10.3390/vaccines7040201,10.1371/currents.outbreaks.ce0f6177bc97332602a8e3fe7d7f7cc4,2019-11-29,P4Y
10.3390/vaccines7040201,10.1377/hlthaff.24.3.611,2019-11-29,P14Y6M
10.3390/vaccines7040201,10.1586/14760584.2015.964212,2019-11-29,P5Y0M23D
10.3390/vaccines7040201,10.3390/vaccines3010137,2019-11-29,P4Y9M3D
10.3390/vaccines7040201,10.4161/hv.26036,2019-11-29,P5Y11M28D
10.3390/vaccines7040201,10.7861/clinmedicine.17-6-484,2019-11-29,P1Y11M
10.3390/vaccines8020154,10.3390/vaccines7040201,2020-03-30,P0Y4M1D
10.3390/vaccines8040600,10.3390/vaccines7040201,2020-10-12,P0Y10M13D